Date,Close,Pred,High,Low,Open,Volume,Ticker,retorno_simple,retorno_log,SMA_20,SMA_50,RSI_14,MACD,MACD_signal,sma_diff
2024-08-05,392.8633728027344,398.5276182360828,398.7193036046689,383.3487444003249,386.9179967872079,40709200,MSFT,-0.0326568150056562,-0.0332019499082041,432.862060546875,435.3294000244141,18.57592257619507,-9.842716589255415,-5.235398059488015,-2.467339477539099
2024-08-06,397.2975463867188,391.4461420248724,403.3225066578681,396.1939842314513,397.6853041219084,24946500,MSFT,0.0112868083179924,0.0112235875592851,429.8828994750976,434.7847692871094,24.16148186520641,-10.859617833525704,-6.360242014295553,-4.901869812011796
2024-08-07,396.1243591308594,393.1799167293456,407.7069368759002,395.16992295159474,406.2752977774928,20650900,MSFT,-0.0029529184525027,-0.002957286918131,426.5115203857422,434.1538409423828,24.734939861516764,-11.62616659137268,-7.413426929710978,-7.642320556640641
2024-08-08,400.3597412109375,392.0270550838837,403.5113802629597,397.62565473832814,400.1111878952457,20203000,MSFT,0.0106920515803952,0.0106352957956607,423.92606964111326,433.6044384765625,29.51194316131739,-11.756381815874818,-8.282017906943747,-9.678368835449248
2024-08-09,403.6704711914063,395.70058420088,405.6887229670082,399.9322498333492,401.6919964430869,19276700,MSFT,0.0082693878521729,0.0082353837976422,421.5633224487305,433.1441180419922,27.349706606808013,-11.460322613656729,-8.917678848286343,-11.580795593261712
2024-08-12,404.4559020996094,397.8165044665337,406.39463013243375,401.9007666876047,404.7044554196647,16762900,MSFT,0.0019457229702359,0.0019438325031171,419.21946411132814,432.9878277587891,26.33740565756736,-11.03510997407193,-9.34116507344346,-13.768363647460944
2024-08-13,411.6142578125,398.90618308726016,412.54882074125726,407.1999483356839,407.2198216789193,19414300,MSFT,0.0176987297644322,0.0175439310715407,417.4542404174805,432.96555786132814,39.60634061410077,-10.005173006143025,-9.473966659983374,-15.511317443847645
2024-08-14,414.4477233886719,404.11243385132224,415.30276256625774,410.0632696291805,412.3996465083127,18267000,MSFT,0.0068837886987447,0.0068602036000147,416.1289535522461,433.0319708251953,48.79646856646097,-8.858191825693325,-9.350811693125364,-16.90301727294917
2024-08-15,419.34808349609375,404.8007428153198,419.42775054091777,415.991550712489,418.1229861127925,20752100,MSFT,0.011823831646015,0.0117544763105253,415.2052719116211,433.14568603515625,47.194414606885566,-7.467699874313666,-8.974189329363025,-17.940414123535163
2024-08-16,416.7983093261719,405.470589536961,419.6568394696199,415.6329698343419,418.919805326896,22775600,MSFT,-0.0060803286583891,-0.0060988891307799,414.31616058349607,433.0505249023437,44.056576349196014,-6.496581898903855,-8.478667843271191,-18.73436431884761
2024-08-19,419.8460693359375,404.2544178912319,420.0651916950313,414.7963156938672,417.2863286855389,15234000,MSFT,0.0073123137536064,0.007285708406429,413.2896224975586,433.0061785888672,49.49499669922838,-5.418573206291967,-7.866648915875347,-19.716556091308632
2024-08-20,423.10302734375,406.2608090629613,424.15879050030776,419.9556774327427,420.015435317403,16387600,MSFT,0.0077575050612335,0.0077275703317218,412.3309844970703,433.04029296875,55.90430501833525,-4.252415065231617,-7.143802145746601,-20.70930847167972
2024-08-21,422.4456787109375,408.2921382291804,424.69662989295495,420.03533264675815,422.38589043229285,16067300,MSFT,-0.0015536372711378,-0.0015548454170321,412.13236541748046,432.98132568359375,56.4389826563095,-3.342735899038587,-6.383588896404999,-20.848960266113295
2024-08-22,413.8899536132813,408.3285040215521,425.0850728631847,412.95370628251766,422.6647570977568,19361900,MSFT,-0.0202528408475224,-0.020460741470287,412.0279205322266,432.655601196289,56.452467066050495,-3.274438430192788,-5.761758803162557,-20.62768066406244
2024-08-23,415.1250305175781,405.164680085208,417.5851646645135,410.44379375355777,415.3142739439322,18493800,MSFT,0.0029840707500012,0.0029796272485012,411.6437194824219,432.18794799804687,73.12480107732085,-3.0850888262791614,-5.226424807785879,-20.54422851562498
2024-08-26,411.8382263183594,407.522742690432,415.6130949578331,409.6968209788455,414.7067264773437,13152800,MSFT,-0.0079176247096465,-0.0079491355376504,411.0225982666016,431.64421875,65.47329943383195,-3.163775496355413,-4.8138949454997855,-20.621620483398374
2024-08-27,412.1868286132813,402.6914506724378,412.7047404254691,408.611173243228,411.2107324794244,13492900,MSFT,0.0008464544392545,0.0008460963987247,410.6083068847656,431.0877758789063,67.3980202680235,-3.161561445152415,-4.483428245430312,-20.47946899414069
2024-08-28,408.9597473144531,404.4290346428717,413.3421641808517,405.6828816466664,413.2226484183712,14882700,MSFT,-0.0078291713242877,-0.0078599801967487,410.2598373413086,430.3514630126954,59.523083775291646,-3.381228586194481,-4.262988313583146,-20.091625671386794
2024-08-29,411.4696960449219,401.1188079181035,420.3640158924635,408.9597736839914,413.2824329478728,17045200,MSFT,0.006137397988313,0.0061186408687606,410.09850921630857,429.7057141113282,58.792279074055806,-3.314576121774678,-4.073305875221453,-19.607204895019606
2024-08-30,415.4736328125,403.0381954552899,415.822210323597,410.4836369246573,413.93977626013776,24308300,MSFT,0.009730818104138,0.0096837786026969,410.5658828735352,429.1527697753907,61.58025369303438,-2.905180219510441,-3.839680744079251,-18.586886901855507
2024-09-03,407.8043823242188,405.2823356131817,418.2026793193696,405.4040060811421,416.2405478075573,20313600,MSFT,-0.0184590546369094,-0.018631549005761,411.31293334960935,428.3653125000001,46.03815546785454,-3.163113039086454,-3.704367203080692,-17.05237915039072
2024-09-04,407.26654052734375,399.7710896211972,409.5971891641853,402.7546379619835,404.2884945573242,15135800,MSFT,-0.0013188720381318,-0.0013197425153078,411.81138305664064,427.6090539550782,42.157963809319405,-3.372055043472642,-3.6379047711590817,-15.79767089843756
2024-09-05,406.7586059570313,400.4918789262866,411.4497822581618,404.5076243249112,405.9916624475026,14195500,MSFT,-0.0012471797208156,-0.001247958096694,412.3430953979493,426.7774169921876,34.79312887053972,-3.537847063418724,-3.61789322961101,-14.434321594238327
2024-09-06,400.0953369140625,398.02880755607833,409.009566016876,399.1989078370585,407.4259212541952,19609500,MSFT,-0.0163813843035756,-0.0165170427349902,412.3298751831055,425.7884545898438,31.6481255586977,-4.158966580326478,-3.726107899754104,-13.458579406738295
2024-09-09,404.0992431640625,394.7211203419506,407.017531193238,400.5434971977151,405.6131601713445,15295100,MSFT,0.0100073804430766,0.0099576381958522,412.3513137817383,424.8658496093751,33.05469477616744,-4.2788031211479165,-3.8366469440328665,-12.514535827636792
2024-09-10,412.5453796386719,396.7418597487989,414.66684525245614,406.0713456246143,406.56934824108026,19594300,MSFT,0.020901144007291,0.0206857117792271,412.7557876586914,424.2294848632813,39.780191083216494,-3.650164987108724,-3.799350552648038,-11.473697204589882
2024-09-11,421.3500671386719,401.7051301347792,422.29625388353406,407.9438146629927,413.8401790844511,19266900,MSFT,0.0213423490712987,0.0211177905909526,413.242578125,423.5747454833985,49.08393989792466,-2.4136766771109137,-3.5222157775406133,-10.332167358398465
2024-09-12,425.2942504882813,407.7933783393887,425.6627675750461,418.07321227741465,421.6189886086143,17418800,MSFT,0.0093608228815385,0.0093172818878075,413.78490447998047,422.9481854248048,60.3321016886545,-1.102776033957355,-3.038327828823962,-9.16328094482435
2024-09-13,428.869873046875,412.2330270264071,430.1049097614262,423.7603615358477,424.12887859450143,15874600,MSFT,0.0084074086458694,0.0083722632362827,414.26099395751953,422.363510131836,61.9459694013687,0.2220849707255183,-2.3862452689140663,-8.102516174316463
2024-09-16,429.6168823242188,413.8068887458488,431.79813615912246,426.50935094179886,428.879848197679,13834700,MSFT,0.0017418087030378,0.0017402935134506,414.90192260742185,421.6587609863282,66.16552703184928,1.3171410851713858,-1.645567998096976,-6.756838378906366
2024-09-17,433.4116821289063,414.93806297044085,440.08492951868885,430.5431821213062,438.47140586333086,18874200,MSFT,0.0088329857620066,0.0087942031534397,415.5802032470703,421.0561547851563,68.16089048671985,2.462799950308636,-0.8238944084158537,-5.475951538086008
2024-09-18,429.0890197753906,415.63498087550965,434.2881684017249,428.6906237541022,433.2622842089649,18898000,MSFT,-0.0099735713912529,-0.0100236406454307,415.8795028686524,420.5003198242188,66.90649289133536,2.987502064875798,-0.0616151137575233,-4.620816955566397
2024-09-19,436.9375305175781,413.7189962825816,439.7363027421089,435.1546726706456,439.4673922763036,21706600,MSFT,0.018291101334394,0.0181258314107554,416.6040954589844,419.968031616211,69.62997706115578,3.990639882618609,0.7488358855177032,-3.3639361572266466
2024-09-20,433.53118896484375,417.5204151554327,437.4853309751932,432.4853956233,435.4734113370452,55167100,MSFT,-0.007795946364917,-0.0078264936215356,417.5861572265625,419.5972802734376,64.04772870797264,4.4593657426534605,1.4909418569448547,-2.0111230468751273
2024-09-23,431.77825927734375,415.0265649162618,434.7164566201473,428.6707276626035,432.5451724016005,15128900,MSFT,-0.0040433761909622,-0.0040515727384171,418.4188186645508,419.2143371582032,70.54111381421636,4.635947273391253,2.1199429402341345,-0.7955184936523665
2024-09-24,427.45556640625,417.2843422462931,431.6188608604207,424.3978231376462,431.2702529601879,17015800,MSFT,-0.010011372222234,-0.0100618230126442,419.1996856689453,418.7367871093751,66.24461135453527,4.376633118031407,2.5712809757935893,0.462898559570192
2024-09-25,430.3838195800781,413.3881742314453,431.38979462226376,426.8579828341436,428.1129287963964,13396400,MSFT,0.0068504270477673,0.0068270694845793,420.1095352172852,418.4060888671876,68.29681380832736,4.35718344188075,2.9284614690110216,1.7034463500976358
2024-09-26,429.5870056152344,415.3529174286708,433.5610566850483,427.41572154773536,433.3519041012862,14492000,MSFT,-0.0018514031629284,-0.0018531191280535,421.1408981323242,418.17875976562505,75.12300453958628,4.228727072295044,3.188514589667826,2.9621383666991505
2024-09-27,426.3101501464844,415.0371800707391,430.1248672217253,425.762359424982,429.7961684722898,14896100,MSFT,-0.007627920365182,-0.0076571617452526,421.8829208374024,417.9485284423829,69.15806913369399,3.818492419730262,3.3145101556803134,3.934392395019529
2024-09-30,428.5810241699219,412.28135391389554,428.7005703259381,423.6707258429949,426.4993769553848,16807300,MSFT,0.0053268119998015,0.005312674718963,422.5382904052734,417.8285382080079,65.48074158224951,3.6347202645222874,3.378552177448708,4.709752197265516
2024-10-01,419.0094299316406,413.5780280469281,426.7683189487975,417.13693529272734,426.7384400086305,19092900,MSFT,-0.0223332198545643,-0.0225863826017806,423.09854278564455,417.40119018554697,47.77333012823863,2.685771938561686,3.239996129671304,5.697352600097588
2024-10-02,415.4636840820313,406.28871828490026,421.1309565128566,415.0453484935869,420.89189457845896,16582300,MSFT,-0.008462210146888,-0.0084982179280126,423.5083999633789,416.8649481201173,40.5766550706119,1.6288352970161668,2.9177639631402763,6.64345184326163
2024-10-03,414.87603759765625,404.55590859447045,417.8739927473743,412.6350257729925,415.9616796785687,13686400,MSFT,-0.0014144352608663,-0.0014154365186742,423.9142715454101,416.6341076660157,35.770735533969045,0.7353110258607103,2.481273375684363,7.280163879394365
2024-10-04,414.39794921875,402.59294305469336,418.0732110879605,413.3123071245128,416.5692334072243,19169700,MSFT,-0.0011523644066662,-0.001153028889062,424.6294021606445,416.6024896240235,34.43993060755824,-0.0112613196679944,1.9827664366138915,8.026912536620955
2024-10-07,407.9040222167969,401.9430568866864,415.4437592952022,407.3661708398638,414.3382079936023,20919800,MSFT,-0.0156707508186174,-0.015794835070317,424.8196411132813,416.304389038086,25.284681461330308,-1.1140884017090116,1.363395468949311,8.515252075195292
2024-10-08,413.0533447265625,398.07208081739225,413.99956190900485,406.5394920239681,409.2585670086313,19229300,MSFT,0.012623858136483,0.0125448415406592,424.8450393676758,416.08024291992194,34.70742072382457,-1.5546583837062258,0.7797846984182037,8.764796447753838
2024-10-09,415.7923278808594,402.6284962036602,418.70067647812056,412.6449477589923,414.1987134602642,14974300,MSFT,0.0066310639757924,0.0066091751817802,424.56715240478513,415.9866363525391,27.657256878698604,-1.6636230081908252,0.291103157096398,8.580516052246026
2024-10-10,414.1788024902344,401.6522575232442,415.68278008253634,411.4995460461954,413.5712539026246,13848400,MSFT,-0.0038806040478153,-0.0038881531280262,424.0113800048828,415.95162963867193,28.746371084776698,-1.858749762145237,-0.138867426751929,8.059750366210892
2024-10-11,414.6569213867188,402.8772920611087,415.46368322393135,411.59917791222887,414.4776477330423,14144900,MSFT,0.001154377997159,0.0011537122152056,423.300732421875,415.9508428955079,30.654922817199875,-1.9523039763540735,-0.5015547366723581,7.349889526367122
2024-10-14,417.4656372070313,403.00454693930345,422.3460566440114,415.8520832387316,416.1010845405741,16653100,MSFT,0.0067735896242113,0.006750751936758,422.6931701660157,416.1776324462891,38.312718589828805,-1.7792958567907815,-0.7571029606960429,6.515537719726581
2024-10-15,417.0672302246094,405.02206116763824,420.7923105426525,413.6011513948207,420.4934907291295,18900200,MSFT,-0.0009543467699218,-0.0009548024487406,421.8759475708008,416.6617095947266,33.44062795053877,-1.6552530624909425,-0.9367329810550228,5.21423797607423
2024-10-16,414.4577026367188,403.30682489084063,414.6967341717602,408.84024879356656,413.51151588006746,15508900,MSFT,-0.0062568511711774,-0.0062765072976652,421.1443817138672,417.0049127197266,31.99806820121219,-1.7473726971875294,-1.0988609242815242,4.1394689941406
2024-10-17,415.0553283691406,402.944360537124,420.812237767026,413.92983752079977,420.6727824355961,14820000,MSFT,0.0014419462556005,0.0014409076493882,420.0502716064453,417.38353210449225,35.69621195784548,-1.7519592733841023,-1.22948059410204,2.6667395019530318
2024-10-18,416.4895324707031,403.3830863953745,417.9735704721047,414.597128695321,415.4736181228242,17145300,MSFT,0.0034554528120331,0.0034494964523012,419.1981887817383,417.7061279296876,34.29897935083606,-1.6211779529191404,-1.3078200658654602,1.4920608520506562
2024-10-21,417.1070861816406,403.3607387017381,417.2863598354636,412.0971808842402,414.457708513249,14206100,MSFT,0.0014827592599364,0.0014816610578704,418.4646301269531,417.97486022949226,46.78129582584629,-1.4509754490849789,-1.336451142509364,0.4897698974608602
2024-10-22,425.8022155761719,406.3076884293847,428.85992860317606,416.3700446113444,416.8182287379404,25482200,MSFT,0.0208462758907546,0.0206319655459614,418.3819625854492,418.4017864990235,64.89668667414188,-0.6074620206017016,-1.1906533181278314,-0.01982391357432789
2024-10-23,422.9038391113281,411.5952543241552,429.3579337373482,420.8421009299413,429.13881136450993,19654400,MSFT,-0.0068068609293679,-0.0068301332750943,418.0079635620117,418.62757812500007,60.84500817534402,-0.1708765508020633,-0.9866979646626778,-0.6196145629883745
2024-10-24,423.0332946777344,409.64061837927886,424.2783011634291,420.7125855668264,423.6308734743349,13581600,MSFT,0.0003061111166033,0.0003060642741546,417.6802780151367,418.7992895507813,61.77668975976574,0.1834518430939624,-0.7526680031113497,-1.1190115356445745
2024-10-25,426.4396362304688,411.183955180822,430.79217425375066,424.8659613297776,425.0552047565001,16899100,MSFT,0.0080521831155853,0.0080199372730846,417.686752319336,418.9411206054688,77.6030612755012,0.7306998898904453,-0.4559944245109907,-1.2543682861328307
2024-10-28,424.8858947753906,414.03666366860006,430.21452917811945,424.5970447293056,429.93564891158985,14882400,MSFT,-0.0036435202618887,-0.0036501740488934,417.5019958496094,419.1028723144532,69.73426644611266,1.0271832305380144,-0.1593588935011896,-1.6008764648437932
2024-10-29,430.2244873046875,410.6186347171432,431.43961494644,424.0990305951663,426.29025434116863,17644100,MSFT,0.0125647676115938,0.0124864859641418,418.0627487182617,419.3104406738282,72.14926762829963,1.6736355854560545,0.2072400022902591,-1.2476919555665518
2024-10-30,430.8021545410156,415.0588420965024,436.7483071680008,430.3738795735308,435.69254402246366,29749100,MSFT,0.0013427111970012,0.001341810566423,418.8296722412109,419.4644232177735,76.34992105385356,2.207124297358689,0.6072168613039451,-0.6347509765626
2024-10-31,404.7267456054688,415.0460937530872,414.4975548257246,404.67692710480617,413.7007323761392,53971000,MSFT,-0.0605275731810767,-0.0624368093417136,418.3222076416016,419.11004455566416,41.3107753307541,0.5198577685509349,0.5897450427533432,-0.7878369140625523
2024-11-01,408.7306518554688,398.2662771960703,413.8401634297127,405.8721217752296,407.3760993641267,24230400,MSFT,0.0098928630081269,0.0098442489971096,418.0388427734375,419.0068585205078,42.5132039306281,-0.4885990733189942,0.3740762195388757,-0.9680157470702966
2024-11-04,406.8282775878906,402.69952631627456,408.7804696748796,403.9498383507318,408.1629209153218,19672300,MSFT,-0.0046543469616046,-0.0046652121611385,417.9850555419922,418.8409234619141,41.44471179100322,-1.4248888588264208,0.0142832038658164,-0.8558679199218773
2024-11-05,409.8163146972656,397.5239274456432,413.2425752143605,406.4498120639611,406.73866209939297,17626000,MSFT,0.007344713418377,0.0073178723572519,417.82320404052734,418.8004852294922,46.14620544820511,-1.9038492477630484,-0.3693432864599565,-0.9772811889648665
2024-11-06,418.50146484375,400.24219424011386,418.7704057056053,408.8800507986786,410.772485027782,26681800,MSFT,0.0211927876831847,0.0209713437703423,417.9586608886719,418.9267779541016,52.52257456610055,-1.564574335697387,-0.6083894963074425,-0.9681170654297375
2024-11-07,423.73052978515625,406.15671452180777,425.1448706929316,418.2027124984046,419.5971138468432,19901800,MSFT,0.0124947350981401,0.0124173200819661,418.436247253418,419.2221936035156,55.02144037138761,-0.8637973655543192,-0.6594710701568179,-0.7859463500976176
2024-11-08,420.85205078125,409.6530873765237,424.7962229099081,420.095077093531,423.6209440547306,16891400,MSFT,-0.0067931829348376,-0.0068163616330961,418.74600372314455,419.4098406982422,52.51807270943925,-0.5345339919298908,-0.6344836545114325,-0.6638369750976381
2024-11-11,416.3401489257813,409.1763196488786,423.1129722177533,414.3381687204943,420.83211176857736,24503300,MSFT,-0.0107208741102556,-0.0107787567545263,418.68972930908205,419.4271710205078,43.25857134843363,-0.6303963515842383,-0.6336661939259938,-0.7374417114257312
2024-11-12,421.340087890625,405.6014251251589,422.744458901271,415.533390819855,416.5791841447968,19401200,MSFT,0.0120092644866085,0.0119377254544065,418.9033721923828,419.697885131836,48.91826928151598,-0.2994626549545387,-0.5668254861317028,-0.7945129394532273
2024-11-13,423.50146484375,408.1391073179846,427.61494119189337,416.5393671420712,419.9556884147255,21502200,MSFT,0.0051297681261368,0.0051166556890138,419.3555603027344,420.0225836181641,50.31500315187953,0.1356460968416968,-0.4263311695370229,-0.6670233154297307
2024-11-14,425.1846923828125,407.6475342433056,426.4595778768523,418.3222016749388,423.30222788535474,30246900,MSFT,0.0039745495087804,0.0039666718534034,419.862028503418,420.3911053466797,49.13558104962932,0.6092720041076518,-0.219210534808088,-0.5290768432616915
2024-11-15,413.3421936035156,409.1214662190441,421.1110226744225,411.9876410047602,418.14294637599176,28247600,MSFT,-0.0278525990974165,-0.028247838999826,419.7046615600586,420.6560424804687,43.03569495392405,0.0287024048523676,-0.1696279468759969,-0.9513809204101449
2024-11-18,414.0991516113281,404.1556817175297,416.72858966014985,410.45376875637714,413.2126923507384,24742000,MSFT,0.0018313107626717,0.001829635957531,419.554264831543,420.85604064941407,39.70232339142102,-0.3661027951358733,-0.2089229165279721,-1.3017758178710892
2024-11-19,416.1210632324219,403.9041177934831,416.270457948444,409.90596948487496,411.45973532284427,18133500,MSFT,0.0048826751110842,0.0048707935132559,419.0702072143555,420.92755432128905,40.79442678864476,-0.509958901761479,-0.2691301135746735,-1.8573471069335596
2024-11-20,413.8302001953125,404.6280306966603,415.6230278333229,408.9398109050573,415.2046922657536,19191700,MSFT,-0.0055052801685019,-0.005520490072242,418.6165252685547,420.7771569824219,58.13452111634437,-0.7996020890950035,-0.3752245086787396,-2.1606317138671898
2024-11-21,412.0437927246094,405.8436436500485,418.9399686403921,409.4689690149979,418.6605301722443,20780200,MSFT,-0.0043167643875676,-0.004326108515585,418.0670501708984,420.51214782714845,53.08266885040711,-1.1599236769582717,-0.532164342334646,-2.4450976562500273
2024-11-22,416.16552734375,403.0930996753372,416.564720799061,410.2374116400306,410.5467888521348,24814600,MSFT,0.010003146975922,0.0099534466660585,417.5533447265625,420.258060913086,58.3431545409974,-1.1002090690341788,-0.6457732876745527,-2.7047161865235125
2024-11-25,417.9519653320313,406.9698404337853,420.23736087052777,414.0198472532827,417.542782130724,27691100,MSFT,0.0042926140463472,0.0042834270600794,417.2066482543945,420.0247625732422,57.42901045176161,-0.8983782510081824,-0.6962942803412786,-2.8181143188476767
2024-11-26,427.133544921875,406.44962167908153,428.18146205416855,418.0118506967232,418.75036014607525,23458900,MSFT,0.0219680258772072,0.0217302054576655,417.0521011352539,419.8991998291016,57.8115006268952,0.0024229355354918,-0.5565508371659245,-2.84709869384767
2024-11-27,422.1435546875,411.5288715160129,426.37509083138485,421.17549451394376,424.2593075311874,18332400,MSFT,-0.0116825060773152,-0.0117512827319867,416.6191711425781,419.7602905273437,48.55764430213749,0.310089340079287,-0.3832228017168821,-3.1411193847656023
2024-11-29,422.6126098632813,408.7316005455166,424.0297817162198,416.9639323784013,419.2493584099212,16271900,MSFT,0.0011111271759876,0.0011105103310734,417.5134643554687,419.4737921142578,51.673411752693646,0.5850222426749383,-0.1895737928385181,-1.9603277587890489
2024-12-02,430.1175842285156,410.2399428904338,432.1335310765848,420.4669212999132,420.72641076442574,20207200,MSFT,0.0177585197177676,0.0176026794961199,418.5828109741211,419.40552001953125,62.39045867248944,1.3924460075458,0.1268301672383455,-0.8227090454101358
2024-12-03,430.3371276855469,413.9977583655878,431.6045752942296,426.88402964452257,428.9798333762607,18302000,MSFT,0.0005104266021234,0.0005102963787764,419.7582534790039,419.3766973876953,58.85246856602711,2.026688081922373,0.5068017501751511,0.381556091308596
2024-12-04,436.544677734375,412.9372333270141,438.7901751847669,431.7642546343851,432.1634480898198,26009400,MSFT,0.0144248535612387,0.0143218051511185,421.09467163085935,419.5584796142578,61.887133971393,2.995694405264487,1.0045802811930185,1.5361920166015466
2024-12-05,441.7342529296875,417.4403189898318,443.770179142923,435.2971785217715,437.0436765362191,21697800,MSFT,0.0118878443834109,0.0118177390155592,422.2563110351563,419.78548828125,64.17665026000739,4.134731632520243,1.6306105514584637,2.4708227539062477
2024-12-06,442.682373046875,420.0241186958887,445.2073090094776,440.88595677867977,441.4148949698492,18821000,MSFT,0.002146358610181,0.0021440584732304,423.2039031982422,420.0473956298828,80.90085758309544,5.055653781370609,2.315619197440893,3.156507568359359
2024-12-09,445.12744140625,423.3119215417014,447.4328163406456,439.6184986530788,441.7143023543043,19144400,MSFT,0.005523301825971,0.005508104329001,424.4176727294922,420.4237414550781,81.55666751708756,5.914607883566873,3.035416934666089,3.9939312744141375
2024-12-10,442.4428405761719,423.4117751000854,448.7202622082635,440.71632196493806,443.500747434082,18469500,MSFT,-0.0060310836411183,-0.00604934408325,425.7228073120117,420.7009777832032,76.41396181252688,6.306018491337568,3.689537246000385,5.021829528808496
2024-12-11,448.0915222167969,422.3552116981108,449.4488165759074,443.1614051498909,443.1614051498909,19200200,MSFT,0.0127670314051617,0.0126862199478165,427.0603790283203,421.2826196289063,82.21059028146377,6.99142284777372,4.349914366355052,5.7777593994140375
2024-12-12,448.6603698730469,424.9693585563216,455.2471685109344,448.2112581986308,448.2112581986308,20834800,MSFT,0.0012694898877707,0.0012686847668064,428.31832427978514,421.94655334472657,85.23144630006566,7.494124389095191,4.97875637090308,6.371770935058578
2024-12-13,446.37493896484375,424.7928117765949,450.5266178755225,444.6883184556146,447.5426110314286,20177800,MSFT,-0.0050938996659094,-0.0051069178003437,429.3778366088867,422.5765313720703,80.13139807700034,7.620262169372495,5.507057530596963,6.801305236816404
2024-12-16,450.6863098144531,423.6121932798326,451.27512549789225,444.38893932865295,446.3749473504653,23598800,MSFT,0.009658631059368,0.0096122846718649,431.2450424194336,423.3022985839844,81.08415600282602,7.976174490420476,6.000880922561667,7.942743835449221
2024-12-17,453.5505676269531,425.9939495193324,454.3789237624039,448.670368885724,450.10748972576295,22733500,MSFT,0.0063553246462693,0.0063352147289859,433.2176132202149,424.2152294921875,78.50528164028206,8.392614402319396,6.479227618513212,9.002383728027382
2024-12-18,436.5147399902344,426.22204836506086,451.7441820228141,436.1454548251872,450.4168569277278,24444500,MSFT,-0.0375610325566404,-0.0382846252791828,434.2372970581055,424.68445739746096,62.30769994736267,7.264259257974118,6.636233946405394,9.552839660644565
2024-12-19,436.1554565429688,417.68393424557365,442.29314366547726,435.4468858542376,440.73626782337294,22963700,MSFT,-0.0008230728870085,-0.0008234117974753,435.35355987548826,425.0917199707032,61.6201464890699,6.268775958115668,6.562742348747449,10.261839904785063
2024-12-20,435.726318359375,417.9154614306668,442.8520145457972,427.7722660445124,432.2432815476765,64263700,MSFT,-0.0009839110738065,-0.0009843954320435,436.5376861572266,425.5226702880859,55.47756869351044,5.383166612149466,6.326827201427853,11.015015869140655
2024-12-23,434.3790283203125,414.01279226857946,436.7742196281346,431.9638575419981,435.8660369595189,19152500,MSFT,-0.0030920556833367,-0.0030968459646039,437.4483612060547,425.9171124267578,53.86230036737709,4.520490379434193,5.965559837029121,11.531248779296902
2024-12-24,438.4508361816406,414.8654583612293,438.7203153724094,433.3211377567303,433.7802087154167,7164500,MSFT,0.0093738592239898,0.0093301972476782,438.4733047485352,426.33681640625,51.89896893049569,4.117905463772445,5.596028962377787,12.13648834228519
2024-12-26,437.2332763671875,416.3462470156972,440.0576302640168,435.7562575113133,438.20133650274425,8194200,MSFT,-0.0027769585868658,-0.0027808214894334,438.9782913208008,426.7401373291016,45.130635056469416,3.658434955320217,5.208510160966274,12.238153991699221
2024-12-27,429.66845703125,415.6995860262036,434.3490742197977,425.49682901811,433.73031978660106,18117700,MSFT,-0.0173015635927595,-0.017452984734142,439.35453643798826,427.0443524169922,37.68414291523418,2.653298000756422,4.697467728924304,12.310184020996076
2024-12-30,423.9798583984375,412.08106270968034,426.6944166190143,421.05572893712207,425.2074080072107,13158700,MSFT,-0.0132395072054329,-0.0133279308047454,439.4228988647461,427.2228430175781,31.144329290989944,1.38176917959737,4.0343280190589175,12.200055847168016
2024-12-31,420.6565246582031,408.5657451055864,425.8760697244736,419.81820926028456,425.24732556190753,13246500,MSFT,-0.0078384236288678,-0.0078693055542913,438.9498458862305,427.3061828613281,30.79358485814737,0.1047012386752044,3.248402662982175,11.643663024902366
2025-01-02,417.7423706054688,406.1095812043203,425.2174031564215,414.0198541610312,424.67847521686525,16896500,MSFT,-0.0069276330733302,-0.0069517405262361,438.3201080322266,427.3188885498047,21.88941772529742,-1.1295118729626663,2.3728197557932065,11.001219482421902
2025-01-03,422.5028381347656,402.5769441376583,423.1814700735548,418.7004647827294,420.2373611517797,16662900,MSFT,0.0113957019068884,0.0113312600075815,437.6180160522461,427.2529010009766,27.5175949940825,-1.7038636319034597,1.557483078253873,10.365115051269527
2025-01-06,426.9938354492188,406.5208041623344,433.450889550372,424.6285829292995,427.1435291929144,20573600,MSFT,0.0106295080389984,0.0105734119839346,436.8809951782226,427.3347009277344,33.95043507795823,-1.7761808808391493,0.8907502864352689,9.546294250488188
2025-01-07,421.5247802734375,409.1256056213881,429.7882097463078,419.957914728963,428.1415176926379,18139100,MSFT,-0.0128082766582041,-0.0128910098392187,435.8231155395508,427.3045306396484,26.30553686191097,-2.248876222308752,0.2628249846864647,8.518584899902407
2025-01-08,423.7104187011719,406.5786542147247,426.11559975123726,420.6964729295162,422.6126137987444,15054600,MSFT,0.0051850769634862,0.0051716807389441,434.75226440429685,427.2499462890625,25.48377941163197,-2.4192404332442266,-0.2735880988996735,7.502318115234345
2025-01-10,418.1116333007813,408.5916481141194,423.8600860063737,414.1894746460312,423.7802594986814,20201100,MSFT,-0.0132137071765969,-0.013301784955024,433.5357040405273,427.1144610595703,31.381261867638244,-2.971773730922905,-0.8132252253043198,6.421242980957004
2025-01-13,416.3551635742188,406.0310087451036,417.6625396968447,411.4649750549722,414.4090535363967,17604800,MSFT,-0.0042009587551918,-0.0042098075734656,431.9488861083984,426.8370745849609,30.5184697647381,-3.510921065058767,-1.3527643932552094,5.111811523437552
2025-01-14,414.8382263183594,403.73574823801886,418.9000587938386,409.8981194598306,416.9739281792526,16935900,MSFT,-0.0036433732269277,-0.0036500264762594,430.2577789306641,426.51779602050783,29.878890180397704,-4.014328688395494,-1.8850772522832664,3.739982910156243
2025-01-15,425.4569091796875,403.0181333212301,427.29322350331137,417.4329894853562,418.2912843778652,19637800,MSFT,0.025597165805012,0.0252750437297989,429.2118774414063,426.93239929199217,42.707983107343,-3.515914618728345,-2.2112447255722825,2.2794781494141034
2025-01-16,423.7303466796875,409.096807570725,428.6305247845027,423.5407549144398,427.8421276061569,15300000,MSFT,-0.0040581371761688,-0.0040663937599761,427.864079284668,427.2323931884766,37.48939858668572,-3.223083343419546,-2.413612449141735,0.6316860961914017
2025-01-17,428.1714782714844,407.5568229232274,433.61058460419247,427.31321381371214,433.221350403684,26197500,MSFT,0.010481032634545,0.0104264874078339,426.59512481689455,427.6592572021484,42.69864992261877,-2.60264853243973,-2.451419665801334,-1.0641323852538562
2025-01-21,427.64251708984375,412.00563924365787,430.0377082937944,424.7483264493822,429.3391273565842,26085700,MSFT,-0.0012353956498364,-0.001236159380113,426.151513671875,428.01578125,48.15889838969476,-2.129089404054412,-2.38695361345195,-1.8642675781249523
2025-01-22,445.30712890625,412.1407412097317,446.37496460039233,435.1275277712005,436.68440364505375,27803800,MSFT,0.0413069587575527,0.0404766152909656,426.6090972900391,428.55189453125,65.91687400185305,-0.3246613448476978,-1.9744951597310996,-1.9427972412109398
2025-01-23,445.8160705566406,421.3101268842312,445.8559990396093,440.6165049266649,441.1155043659929,18389300,MSFT,0.0011429002981395,0.0011422476847944,427.1135848999023,428.9936053466797,69.60034159163443,1.133363520885041,-1.352923423607871,-1.8800204467773938
2025-01-24,443.17138671875,421.63678413791706,445.7562002010948,440.5167060042179,444.2691915941594,15549500,MSFT,-0.0059322308291589,-0.0059498964093108,427.5532028198242,429.4399920654297,69.89379572604429,2.051802941204187,-0.6719781506454596,-1.8867892456054847
2025-01-27,433.6903991699219,421.5802292359534,434.3291330844904,422.6525337820519,423.1615229666917,35647800,MSFT,-0.0213935010990342,-0.0216256591303979,427.3151809692383,429.7869970703125,58.15034407198387,1.991677520850203,-0.139247016346327,-2.4718161010741824
2025-01-28,446.30511474609375,415.5097322107208,447.4827461239755,430.51676503368185,433.73032267022137,23491700,MSFT,0.0290869145369976,0.0286719183354732,427.7687728881836,430.2862976074219,62.57962758424357,2.9281756275512407,0.4742375124331865,-2.5175247192382812
2025-01-29,441.44482421875,421.0628293380606,445.9857373249504,439.51869372032735,445.796115104224,23581400,MSFT,-0.0108900623514225,-0.010949793124164,428.3575912475586,430.64516479492187,63.07992391786142,3.240814208938616,1.0275528517342725,-2.2875735473632517
2025-01-30,414.1595458984375,417.9192199064148,422.0137922192137,412.33322134699057,417.9319804505241,54586300,MSFT,-0.0618090343874816,-0.0638017626241044,427.86657562255857,430.4246618652344,45.28338170573684,1.2722232120070205,1.076486923788822,-2.558086242675813
2025-01-31,414.22943115234375,404.52452024295405,419.84816997012905,414.0797374049759,418.141600337115,34223400,MSFT,0.0001687399327103,0.0001687256977292,427.5452209472657,430.4424066162109,47.97206560705396,-0.2790435398300701,0.8053808310650435,-2.8971856689452125
2025-02-03,410.09771728515625,406.1472675422252,414.57872255523336,407.8422300476431,410.7763492208031,25679100,MSFT,-0.0099744575263363,-0.0100245357078798,427.16298828125,430.3623779296875,46.810464657576496,-1.820838898454383,0.2801368851611582,-3.1993896484374886
2025-02-04,411.5447998046875,400.7070770579614,413.09171636714575,408.9200578355856,411.8641667609186,20532100,MSFT,0.0035286285647013,0.0035224175615214,426.6150863647461,430.2708526611328,48.32008368526495,-2.89261114198996,-0.3544127202690653,-3.6557662963866733
2025-02-05,412.4629821777344,401.7957398744317,413.0018796658512,409.5787506797878,411.5248607564065,16316700,MSFT,0.0022310629935857,0.0022285778681729,425.8885437011719,430.2435083007812,42.64408885590303,-3.626109193155344,-1.0087520148463212,-4.354964599609275
2025-02-06,414.9879150390625,402.37020257641626,417.36315732347487,413.1715497090401,413.1715497090401,16309800,MSFT,0.0061215987141365,0.0061029378462345,425.5617004394532,430.3023907470703,45.09521184249726,-3.9580448261486367,-1.5986105771067844,-4.740690307617115
2025-02-07,408.9300537109375,404.8882797470974,417.8122379259866,407.2833615993766,415.6465973451397,22886800,MSFT,-0.0145976813024899,-0.0147052758229724,424.8226821899414,430.1576812744141,39.397277173194695,-4.656250629442297,-2.210138587573887,-5.334999084472656
2025-02-10,411.3951110839844,401.3408881236141,414.6286177998997,410.0977246861568,412.8821197108573,20817900,MSFT,0.0060280660486484,0.0060099699450954,424.4868560791016,430.0265441894532,41.23412899781971,-4.953572529563928,-2.7588253759718957,-5.539688110351619
2025-02-11,410.6166687011719,402.99738551929727,411.6645553606299,408.48093644203584,408.8202828688126,18140600,MSFT,-0.0018922013457121,-0.0018939938201837,424.1999313354492,429.6962066650391,27.113504223807222,-5.192164037067926,-3.2454931081911016,-5.496275329589878
2025-02-12,408.2214660644531,399.3685009993608,409.92803560329327,403.56079794352274,406.3951110778186,19121700,MSFT,-0.0058331841332575,-0.0058502636026704,423.8690933227539,429.4177648925781,25.799848501040373,-5.510995040610567,-3.698593494674995,-5.548671569824194
2025-02-13,409.7184753417969,399.4278747581354,410.1775463061904,405.54681680905935,406.185550721702,23891700,MSFT,0.0036671498237856,0.0036604422233861,423.08217163085936,429.1598822021484,28.14296395992224,-5.57856850512951,-4.074588496765898,-6.07771057128906
2025-02-14,407.6126708984375,400.0629301840019,408.0917213200678,405.06778596420224,406.9739674594389,22758500,MSFT,-0.0051396375074437,-0.0051528908754727,422.2762878417969,428.70978393554685,31.1444843344197,-5.735921647967871,-4.406855127006293,-6.433496093749966
2025-02-18,408.8202819824219,399.8170293686836,409.7783523938356,405.6865508328786,407.18354917543536,21423100,MSFT,0.0029626436325509,0.0029582636526514,421.30872802734376,428.2794470214844,17.54242622347816,-5.697503748643442,-4.664984851333722,-6.970718994140611
2025-02-19,413.9400024414063,398.0982123818828,414.6585628844229,406.8342549807474,407.0638056974437,24114200,MSFT,0.0125231567136498,0.0124453905653199,420.62360229492185,427.827353515625,26.290493658019244,-5.194064688357457,-4.770800818738469,-7.203751220703168
2025-02-20,416.1300048828125,403.6865325218062,419.30999755859375,412.5400085449219,415.2900085449219,23508700,MSFT,0.0052906276960178,0.0052766814931278,419.16474609375,427.3152685546875,52.99384427632689,-4.5657397063305325,-4.729788596256882,-8.150522460937509
2025-02-21,408.2099914550781,407.6948961167506,418.0499877929688,407.8900146484375,417.3399963378906,27524800,MSFT,-0.0190325459226732,-0.0192159962389568,417.2844421386719,426.6258209228516,42.61574942403258,-4.653227019988208,-4.714476281003147,-9.341378784179653
2025-02-24,404.0,400.2908258688792,409.3699951171875,399.3200073242188,408.510009765625,26443700,MSFT,-0.0103132984081831,-0.0103668489770646,415.3258728027344,425.80327209472654,42.534062103929024,-5.004582757646631,-4.772497576331844,-10.477399291992128
2025-02-25,397.8999938964844,399.8635024134045,401.9200134277344,396.7000122070313,401.1000061035156,29387400,MSFT,-0.015099025008702,-0.0152141758675877,413.5363525390625,424.9124151611328,35.002358093426125,-5.709439360848648,-4.959885933235205,-11.376062622070322
2025-02-26,399.7300109863281,393.0741461111693,403.6000061035156,394.25,398.010009765625,19619000,MSFT,0.0045991885345939,0.0045886445837238,411.20759735107424,423.94518493652345,36.27962038553361,-6.05062833498414,-5.178034413584992,-12.737587585449205
2025-02-27,392.5299987792969,394.06285378883,405.739990234375,392.1700134277344,401.2699890136719,21127400,MSFT,-0.0180121882499273,-0.0181763823645002,408.7618560791016,422.82257751464846,28.01552026279768,-6.8233485524889375,-5.5070972413657815,-14.060721435546839
2025-02-28,396.989990234375,389.137422111393,397.6300048828125,386.5700073242188,392.6600036621094,32845700,MSFT,0.01136216714378,0.0112981025411101,407.9033782958985,421.8348785400391,37.93418218690404,-6.995214378305661,-5.804720668753758,-13.93150024414058
2025-03-03,388.489990234375,393.6647093106145,398.8200073242188,386.1600036621094,398.8200073242188,23007700,MSFT,-0.0214111191946723,-0.0216436625406054,406.61640625,420.5909521484375,29.36989473232853,-7.728212226130097,-6.189418980229026,-13.974545898437498
2025-03-04,388.6099853515625,387.7105472678226,392.5799865722656,381.0,383.3999938964844,29342900,MSFT,0.0003088756987408,0.0003088280064625,405.5420196533203,419.29214050292967,29.94117944857888,-8.204855234580066,-6.592506231099234,-13.750120849609345
2025-03-05,401.0199890136719,388.0593236591871,401.6700134277344,388.80999755859375,389.3399963378906,23433100,MSFT,0.0319343406754781,0.0314350416588434,405.0157791137696,418.5822454833984,44.44931612021833,-7.494819063202158,-6.77296879751982,-13.566466369628813
2025-03-06,396.8900146484375,395.80640560926906,402.1499938964844,392.6799926757813,394.2799987792969,23304600,MSFT,-0.0102986745757792,-0.0103520728622205,404.2371307373047,417.7969366455078,40.49787901406139,-7.18256851860059,-6.854888741735975,-13.559805908203089
2025-03-07,393.30999755859375,391.95574562509887,394.7999877929688,385.5400085449219,392.3200073242188,22034100,MSFT,-0.0090201742490672,-0.0090611023256286,403.1532348632812,416.9486102294922,39.6323415551377,-7.141660554713951,-6.91224310433157,-13.795375366210976
2025-03-10,380.1600036621094,391.2379529425653,386.3999938964844,377.2200012207031,385.8399963378906,32840100,MSFT,-0.0334341714629955,-0.0340058724234484,401.71473236083983,415.8642297363281,32.2909226128743,-8.07722607270216,-7.145239698005688,-14.149497375488295
2025-03-11,380.4500122070313,382.12146527470713,386.0,376.9100036621094,379.0,30380200,MSFT,0.0007628591701605,0.0007625683410021,400.1674774169922,414.704213256836,27.993180171963616,-8.695036254748175,-7.455199009354186,-14.5367358398438
2025-03-12,383.2699890136719,379.35812216636776,385.2200012207031,378.9500122070313,382.9500122070313,24253600,MSFT,0.007412213736784,0.0073848782749608,398.8001434326172,413.6249475097656,28.584452980774174,-8.855031424143363,-7.735165492312022,-14.824804077148428
2025-03-13,378.7699890136719,380.3350973048695,385.3200073242188,377.4500122070313,383.1600036621094,20473000,MSFT,-0.0117410706003372,-0.0118105412785808,397.32756958007815,412.6069781494141,29.918139601497813,-9.238446084790382,-8.035821610807695,-15.279408569335942
2025-03-14,388.55999755859375,378.7408433149846,390.2300109863281,379.510009765625,379.7799987792969,19952800,MSFT,0.025846843279256,0.0255184600495923,396.269645690918,411.8985809326172,40.21298080271129,-8.65259140695838,-8.159175570037831,-15.628935241699196
2025-03-17,388.7000122070313,386.197786174391,392.7099914550781,385.5700073242188,386.7000122070313,22474300,MSFT,0.0003603424164022,0.0003602775086659,395.32401275634766,411.25945068359374,43.6917306669379,-8.08381416425783,-8.144103288881832,-15.935437927246085
2025-03-18,383.5199890136719,386.9067413598957,387.3699951171875,381.1000061035156,387.0700073242188,19486900,MSFT,-0.0133265321087781,-0.013416127222903,394.05899810791016,410.5750030517578,39.373267456674434,-7.959288953472594,-8.107140421799985,-16.516004943847634
2025-03-19,387.8200073242188,383.0920408463948,389.6799926757813,384.0,385.5299987792969,19185500,MSFT,0.011211979645717,0.0111495913000489,392.7529983520509,409.8813464355469,46.79024818764253,-7.428000915081839,-7.971312520456356,-17.128348083496007
2025-03-20,386.8399963378906,385.7998448570267,391.7900085449219,383.2799987792969,385.739990234375,18470500,MSFT,-0.0025269737708732,-0.0025301719580521,391.2884979248048,409.0782696533203,42.7385982707736,-7.005277534453398,-7.778105523255766,-17.789771728515518
2025-03-21,391.260009765625,382.3467452636247,391.739990234375,382.7999877929688,383.2200012207031,39675900,MSFT,0.0114259473414781,0.0113611642105578,390.4409988403321,408.47297424316406,52.10455634779898,-6.241658116256247,-7.470816041855862,-18.03197540283196
2025-03-24,393.0799865722656,386.1236070685824,395.3999938964844,389.80999755859375,395.3999938964844,21004500,MSFT,0.0046515789020473,0.0046407937413246,389.8949981689453,407.860365600586,53.31061957743734,-5.427067452281335,-7.062066323940957,-17.965367431640743
2025-03-25,395.1600036621094,387.3794204754095,396.3599853515625,392.6400146484375,393.9200134277344,15775000,MSFT,0.0052915873636354,0.0052776361097661,389.7579986572266,407.4013330078125,44.87584833236912,-4.561081181860175,-6.561869295524801,-17.643334350585917
2025-03-26,389.9700012207031,387.72220362166246,395.30999755859375,388.5700073242188,395.0,16108400,MSFT,-0.0131339264938464,-0.013220939225396,389.2699981689453,406.8736297607422,44.05906274906194,-4.244641065809219,-6.098423649581685,-17.603631591796898
2025-03-27,390.5799865722656,386.6105582338957,392.239990234375,387.3999938964844,390.1300048828125,13766800,MSFT,0.0015641853210581,0.0015629632573889,389.1724975585938,406.38846496582033,47.530298069283184,-3.899686119880414,-5.658676143641431,-17.215967407226515
2025-03-28,378.7999877929688,386.41031781989335,389.1300048828125,376.9299926757813,388.0799865722656,21632000,MSFT,-0.0301602723751368,-0.0306244503892837,388.2629974365235,405.455326538086,48.73839101753661,-4.52469640822909,-5.431880196558963,-17.192329101562507
2025-03-31,375.3900146484375,379.3773208668098,377.0700073242188,367.239990234375,372.5400085449219,35184700,MSFT,-0.009002041326345,-0.0090428045194018,387.6079986572266,404.48851989746095,45.562964025450185,-5.234833991447943,-5.392470955536759,-16.880521240234373
2025-04-01,382.1900024414063,374.6945648261777,382.8500061035156,373.2300109863281,374.6499938964844,19689500,MSFT,0.0181144610341785,0.0179523489729516,387.2869995117188,403.5688903808594,49.11476554757268,-5.189104194343315,-5.351797603298071,-16.281890869140568
2025-04-02,382.1400146484375,378.3647417891285,385.0799865722656,376.6199951171875,377.9700012207031,16092600,MSFT,-0.0001307930418102,-0.000130801595966,386.34300079345707,402.6588403320313,52.97968571491787,-5.098128545403085,-5.301063791719074,-16.31583953857421
2025-04-03,373.1099853515625,378.95946978602416,377.4800109863281,369.3500061035156,374.7900085449219,30198000,MSFT,-0.0236301589750617,-0.0239138288705887,385.1539993286133,401.2148974609375,36.15343126958297,-5.689097213985178,-5.378670476172296,-16.060898132324212
2025-04-04,359.8399963378906,371.8359646737137,374.5899963378906,359.4800109863281,364.1300048828125,49209900,MSFT,-0.035565890848963,-0.0362137650394299,383.4804992675782,399.4953759765625,29.06267393621336,-7.145848460101831,-5.732106072958203,-16.014876708984332
2025-04-07,357.8599853515625,364.1948311075528,371.0,344.7900085449219,350.8800048828125,50425000,MSFT,-0.0055024761184937,-0.005517670503672,382.3654983520509,397.7891479492188,30.47778211694109,-8.36369320784786,-6.258423499936134,-15.423649597167866
2025-04-08,354.5599975585937,360.107666497434,373.6499938964844,350.25,368.260009765625,35868900,MSFT,-0.0092214495278841,-0.0092642302971552,381.07099761962894,396.2065399169922,24.304677980935,-9.485779222098358,-6.903894644368579,-15.135542297363259
2025-04-09,390.489990234375,355.03649230433945,393.2300109863281,353.1000061035156,353.5400085449219,50199700,MSFT,0.1013368482716203,0.0965247585154506,381.4319976806641,395.0902374267578,51.83104025278744,-7.390596151182706,-7.001234945731405,-13.658239746093727
2025-04-10,381.3500061035156,379.9542722892221,383.8999938964844,367.7999877929688,382.05999755859375,38024400,MSFT,-0.0234064492290148,-0.0236847311333089,381.5609985351563,393.88834106445313,45.2533715093247,-6.39396317841215,-6.879780592267555,-12.327342529296857
2025-04-11,388.4500122070313,376.5868049946173,390.0499877929688,378.8900146484375,380.6400146484375,23839200,MSFT,0.0186180830991999,0.0184468882061329,381.55549926757817,393.374150390625,47.889132682094775,-4.973877448714177,-6.49859996355688,-11.818651123046834
2025-04-14,387.80999755859375,383.4777671175784,394.6499938964844,384.2099914550781,393.2200012207031,19251200,MSFT,-0.0016476113485007,-0.0016489701528046,381.51099853515626,392.84576171875,46.604449088800486,-3.855647604538774,-5.97000949175326,-11.334763183593736
2025-04-15,385.7300109863281,382.9410669388178,391.8900146484375,384.1600036621094,388.510009765625,17199900,MSFT,-0.0053634165837908,-0.0053778513387205,381.6214996337891,392.3584075927735,47.983260610177766,-3.101527451994741,-5.396313083801556,-10.736907958984432
2025-04-16,371.6099853515625,379.49637312563584,381.6099853515625,368.0,380.6700134277344,21967800,MSFT,-0.0366059814704593,-0.0372927935145074,380.8109985351563,391.5597113037109,42.00454972606721,-3.6017313437778284,-5.03739673579681,-10.74871276855464
2025-04-17,367.7799987792969,369.70137900485247,374.3200073242188,366.8900146484375,373.75,20943700,MSFT,-0.0103064684030012,-0.0103599478217762,379.8579986572266,390.6660516357422,45.02168739544734,-4.258109602719912,-4.881539309181431,-10.808052978515605
2025-04-21,359.1199951171875,366.1013687208983,364.4800109863281,355.6700134277344,362.8200073242188,20807300,MSFT,-0.0235466955540075,-0.0238283491165224,378.2509979248047,389.5486932373047,42.98282560202004,-5.414667110803293,-4.988164869505804,-11.297695312499968
2025-04-22,366.8200073242188,358.9756542343306,367.7699890136719,359.8599853515625,363.3800048828125,19485000,MSFT,0.021441335240937,0.0212147036126063,376.93799896240233,388.7064923095703,43.42206930203231,-5.644850314458097,-5.119501958496262,-11.768493347167976
2025-04-23,374.3900146484375,362.55123442592327,380.3900146484375,373.0199890136719,376.05999755859375,20545500,MSFT,0.0206368441553621,0.0204267894814908,375.8994995117188,387.96639038085937,46.88379665555912,-5.156989273629279,-5.126999421522866,-12.066890869140593
2025-04-24,387.2999877929688,369.13382377181006,388.4500122070313,375.1900024414063,375.7000122070313,22232300,MSFT,0.0344826855402491,0.033901481031253,375.765998840332,387.5000567626953,55.53302838756355,-3.686137446366274,-4.838827026491548,-11.73405792236332
2025-04-25,391.8500061035156,379.620199664466,392.1600036621094,384.6000061035156,387.0,18973200,MSFT,0.0117480466149124,0.0116795740726041,375.82949981689455,387.17262756347657,63.39218774577997,-2.128788970645189,-4.296819415322276,-11.343127746582013
2025-04-28,391.1600036621094,385.58134536151925,392.739990234375,386.6400146484375,391.9599914550781,16579400,MSFT,-0.0017608840899799,-0.0017624362687747,376.44750061035154,386.8014581298828,64.08391895055877,-0.9394273799144912,-3.62534100824072,-10.353957519531264
2025-04-29,394.0400085449219,385.5265935121103,395.1000061035156,390.3800048828125,391.2999877929688,14974000,MSFT,0.0073627284381054,0.0073357558666435,377.38000030517577,386.5300048828125,66.75721767812043,0.2328583286022763,-2.85370114087212,-9.150004577636707
2025-04-30,395.260009765625,387.01505148871246,396.6600036621094,384.4400024414063,390.2999877929688,36461100,MSFT,0.0030961354031238,0.003091352246231,378.0335006713867,386.25879943847656,52.87039233935212,1.2459841710734167,-2.0337640784830127,-8.22529876708984
2025-05-01,425.3999938964844,383.7002536447914,436.989990234375,424.8999938964844,431.1099853515625,58938100,MSFT,0.0762535631892822,0.0734860874993006,380.1964996337891,386.4879992675781,71.159562123148,4.42987370286636,-0.7410365222131382,-6.291499633789044
2025-05-02,435.2799987792969,403.4956375069608,439.4400024414063,429.989990234375,431.739990234375,30757400,MSFT,0.0232252116233377,0.0229596109548336,383.3050003051758,386.8709991455078,71.90978541181869,7.662039694747705,0.9395787211790304,-3.5659988403320426
2025-05-05,436.1700134277344,410.712647401054,439.5,432.1099853515625,432.8699951171875,20136100,MSFT,0.0020446945665628,0.0020426070237349,387.121501159668,387.4301995849609,72.57281753928439,10.178045105416174,2.78727199802646,-0.3086984252929028
2025-05-06,433.30999755859375,416.3113541394969,437.7300109863281,431.239990234375,431.7900085449219,14973689,MSFT,-0.0065571125503667,-0.0065787048533975,390.89400177001954,388.0163995361328,72.04817532410415,11.805135883695982,4.590844775160365,2.877602233886762
2025-05-07,433.3500061035156,416.7799954330924,438.1199951171875,431.1099853515625,433.8399963378906,23295300,MSFT,9.233238362216234e-05,9.232812124999765e-05,394.8335021972656,388.7253997802735,82.90342989205655,12.94858220776996,6.262392261682285,6.1081024169920966
2025-05-08,438.1700134277344,416.8504668533659,443.6700134277344,435.6600036621094,437.9299926757813,23458800,MSFT,0.0111226658736156,0.0110612639083807,397.2175033569336,389.4941998291016,87.12159642789088,14.081384530754065,7.826190715496642,7.723303527832002
2025-05-09,438.7300109863281,418.0085091005343,440.739990234375,435.8800048828125,440.0,15313100,MSFT,0.0012780371577985,0.0012772211634835,400.08650360107424,390.4182000732422,95.90587456864164,14.853108269609436,9.231574226319202,9.668303527832052
