step,date,action,balance,shares_held,price,total_asset,reward
0,2023-07-05,1,953.4584093379974,3,16.030033111572266,1001.5485086727142,[-0.20473774]
1,2023-07-06,2,1000.6189004039765,0,15.569289207458496,1000.6189004039765,[0.99527454]
2,2023-07-07,2,1000.6189004039765,0,15.684473991394045,1000.6189004039765,[0.]
3,2023-07-10,2,1000.6189004039765,0,15.866850852966309,1000.6189004039765,[0.]
4,2023-07-11,2,1000.6189004039765,0,16.039630889892578,1000.6189004039765,[0.]
5,2023-07-12,2,1000.6189004039765,0,16.778738021850586,1000.6189004039765,[0.]
6,2023-07-13,1,952.6346031227112,3,16.89392852783203,1003.3163887062072,[-0.20488459]
7,2023-07-14,2,1001.2895244178771,0,16.653955459594727,1001.2895244178771,[0.9951248]
8,2023-07-17,2,1001.2895244178771,0,16.663555145263672,1001.2895244178771,[0.]
9,2023-07-18,2,1001.2895244178771,0,16.941917419433594,1001.2895244178771,[0.]
10,2023-07-19,2,1001.2895244178771,0,16.941917419433594,1001.2895244178771,[0.]
11,2023-07-20,2,1001.2895244178771,0,16.586763381958008,1001.2895244178771,[0.]
12,2023-07-21,2,1001.2895244178771,0,16.701946258544922,1001.2895244178771,[0.]
13,2023-07-24,2,1001.2895244178771,0,16.682750701904297,1001.2895244178771,[0.]
14,2023-07-25,2,1001.2895244178771,0,16.826732635498047,1001.2895244178771,[0.]
15,2023-07-26,2,1001.2895244178771,0,16.557966232299805,1001.2895244178771,[0.]
16,2023-07-27,2,1001.2895244178771,0,16.10682487487793,1001.2895244178771,[0.]
17,2023-07-28,2,1001.2895244178771,0,16.298799514770508,1001.2895244178771,[0.]
18,2023-07-31,2,1001.2895244178771,0,16.596363067626953,1001.2895244178771,[0.]
19,2023-08-01,2,1001.2895244178771,0,16.346792221069336,1001.2895244178771,[0.]
20,2023-08-02,2,1001.2895244178771,0,15.876453399658203,1001.2895244178771,[0.]
21,2023-08-03,2,1001.2895244178771,0,15.655677795410156,1001.2895244178771,[0.]
22,2023-08-04,2,1001.2895244178771,0,15.82845687866211,1001.2895244178771,[0.]
23,2023-08-07,2,1001.2895244178771,0,15.838054656982422,1001.2895244178771,[0.]
24,2023-08-08,2,1001.2895244178771,0,15.790061950683594,1001.2895244178771,[0.]
25,2023-08-09,2,1001.2895244178771,0,15.818859100341797,1001.2895244178771,[0.]
26,2023-08-10,2,1001.2895244178771,0,15.991637229919434,1001.2895244178771,[0.]
27,2023-08-11,2,1001.2895244178771,0,16.231609344482422,1001.2895244178771,[0.]
28,2023-08-14,2,1001.2895244178771,0,16.001235961914062,1001.2895244178771,[0.]
29,2023-08-15,2,1001.2895244178771,0,15.377311706542969,1001.2895244178771,[0.]
30,2023-08-16,2,1001.2895244178771,0,15.137343406677246,1001.2895244178771,[0.]
31,2023-08-17,2,1001.2895244178771,0,15.03175449371338,1001.2895244178771,[0.]
32,2023-08-18,1,953.680332118988,3,14.983760833740234,998.6316146202087,[-0.20484641]
33,2023-08-21,1,906.2154058952331,6,15.079748153686523,996.6938948173522,[-0.2049757]
34,2023-08-22,1,858.6639154396056,9,15.204534530639648,995.5047262153624,[-0.05474562]
35,2023-08-23,2,1002.300801038742,0,15.463703155517578,1002.300801038742,[0.9856085]
36,2023-08-24,2,1002.300801038742,0,15.32931900024414,1002.300801038742,[0.]
37,2023-08-25,2,1002.300801038742,0,15.271724700927734,1002.300801038742,[0.]
38,2023-08-28,2,1002.300801038742,0,15.54049301147461,1002.300801038742,[0.]
39,2023-08-29,2,1002.300801038742,0,15.684473991394045,1002.300801038742,[0.]
40,2023-08-30,2,1002.300801038742,0,15.7907133102417,1002.300801038742,[0.]
41,2023-08-31,2,1002.300801038742,0,15.655499458312988,1002.300801038742,[0.]
42,2023-09-01,2,1002.300801038742,0,15.568581581115724,1002.300801038742,[0.]
43,2023-09-05,2,1002.300801038742,0,15.375420570373535,1002.300801038742,[0.]
44,2023-09-06,2,1002.300801038742,0,15.298158645629885,1002.300801038742,[0.]
45,2023-09-07,2,1002.300801038742,0,15.24986743927002,1002.300801038742,[0.]
46,2023-09-08,2,1002.300801038742,0,15.240209579467772,1002.300801038742,[0.]
47,2023-09-11,2,1002.300801038742,0,15.520289421081545,1002.300801038742,[0.]
48,2023-09-12,2,1002.300801038742,0,15.50097370147705,1002.300801038742,[0.]
49,2023-09-13,2,1002.300801038742,0,15.568581581115724,1002.300801038742,[0.]
50,2023-09-14,2,1002.300801038742,0,15.77139663696289,1002.300801038742,[0.]
51,2023-09-15,2,1002.300801038742,0,16.070791244506836,1002.300801038742,[0.]
52,2023-09-18,2,1002.300801038742,0,16.109424591064453,1002.300801038742,[0.]
53,2023-09-19,2,1002.300801038742,0,15.77139663696289,1002.300801038742,[0.]
54,2023-09-20,2,1002.300801038742,0,15.858317375183104,1002.300801038742,[0.]
55,2023-09-21,2,1002.300801038742,0,15.481658935546877,1002.300801038742,[0.]
56,2023-09-22,2,1002.300801038742,0,15.24986743927002,1002.300801038742,[0.]
57,2023-09-25,2,1002.300801038742,0,15.018078804016112,1002.300801038742,[0.]
58,2023-09-26,2,1002.300801038742,0,14.689708709716797,1002.300801038742,[0.]
59,2023-09-27,2,1002.300801038742,0,14.139206886291504,1002.300801038742,[0.]
60,2023-09-28,2,1002.300801038742,0,14.06194305419922,1002.300801038742,[0.]
61,2023-09-29,2,1002.300801038742,0,14.052285194396973,1002.300801038742,[0.]
62,2023-10-02,2,1002.300801038742,0,13.743230819702148,1002.300801038742,[0.]
63,2023-10-03,2,1002.300801038742,0,13.704599380493164,1002.300801038742,[0.]
64,2023-10-04,2,1002.300801038742,0,13.714256286621094,1002.300801038742,[0.]
65,2023-10-05,2,1002.300801038742,0,13.878442764282228,1002.300801038742,[0.]
66,2023-10-06,2,1002.300801038742,0,14.081258773803713,1002.300801038742,[0.]
67,2023-10-09,2,1002.300801038742,0,14.342023849487305,1002.300801038742,[0.]
68,2023-10-10,2,1002.300801038742,0,14.448259353637695,1002.300801038742,[0.]
69,2023-10-11,2,1002.300801038742,0,14.699366569519045,1002.300801038742,[0.]
70,2023-10-12,2,1002.300801038742,0,14.622102737426758,1002.300801038742,[0.]
71,2023-10-13,2,1002.300801038742,0,15.201578140258787,1002.300801038742,[0.]
72,2023-10-16,2,1002.300801038742,0,15.269185066223145,1002.300801038742,[0.]
73,2023-10-17,2,1002.300801038742,0,15.858317375183104,1002.300801038742,[0.]
74,2023-10-18,2,1002.300801038742,0,15.974214553833008,1002.300801038742,[0.]
75,2023-10-19,2,1002.300801038742,0,16.041818618774414,1002.300801038742,[0.]
76,2023-10-20,2,1002.300801038742,0,16.312238693237305,1002.300801038742,[0.]
77,2023-10-23,2,1002.300801038742,0,15.983871459960938,1002.300801038742,[0.]
78,2023-10-24,1,958.1145051307677,3,15.993528366088867,1006.0950902290343,[-0.20449798]
79,2023-10-25,1,914.1604643020629,6,16.01284408569336,1010.2375288162231,[-0.20470613]
80,2023-10-26,2,1005.1875142059325,0,15.742423057556152,1005.1875142059325,[0.9908793]
81,2023-10-27,2,1005.1875142059325,0,15.77139663696289,1005.1875142059325,[0.]
82,2023-10-30,2,1005.1875142059325,0,15.55892276763916,1005.1875142059325,[0.]
83,2023-10-31,2,1005.1875142059325,0,15.433367729187012,1005.1875142059325,[0.]
84,2023-11-01,2,1005.1875142059325,0,15.481658935546877,1005.1875142059325,[0.]
85,2023-11-02,2,1005.1875142059325,0,15.50097370147705,1005.1875142059325,[0.]
86,2023-11-03,2,1005.1875142059325,0,15.916265487670898,1005.1875142059325,[0.]
87,2023-11-06,2,1005.1875142059325,0,15.732765197753906,1005.1875142059325,[0.]
88,2023-11-07,2,1005.1875142059325,0,15.22089385986328,1005.1875142059325,[0.]
89,2023-11-08,2,1005.1875142059325,0,14.651076316833496,1005.1875142059325,[0.]
90,2023-11-09,2,1005.1875142059325,0,14.776630401611328,1005.1875142059325,[0.]
91,2023-11-10,2,1005.1875142059325,0,14.699366569519045,1005.1875142059325,[0.]
92,2023-11-13,2,1005.1875142059325,0,14.612443923950195,1005.1875142059325,[0.]
93,2023-11-14,2,1005.1875142059325,0,15.172603607177734,1005.1875142059325,[0.]
94,2023-11-15,2,1005.1875142059325,0,15.07602596282959,1005.1875142059325,[0.]
95,2023-11-16,2,1005.1875142059325,0,15.33678913116455,1005.1875142059325,[0.]
96,2023-11-17,2,1005.1875142059325,0,15.172603607177734,1005.1875142059325,[0.]
97,2023-11-20,2,1005.1875142059325,0,15.24986743927002,1005.1875142059325,[0.]
98,2023-11-21,2,1005.1875142059325,0,15.636186599731444,1005.1875142059325,[0.]
99,2023-11-22,2,1005.1875142059325,0,15.684473991394045,1005.1875142059325,[0.]
100,2023-11-24,2,1005.1875142059325,0,15.67481803894043,1005.1875142059325,[0.]
101,2023-11-27,2,1005.1875142059325,0,16.003185272216797,1005.1875142059325,[0.]
102,2023-11-28,2,1005.1875142059325,0,16.843425750732422,1005.1875142059325,[0.]
103,2023-11-29,2,1005.1875142059325,0,16.891996383666992,1005.1875142059325,[0.]
104,2023-11-30,2,1005.1875142059325,0,17.086265563964844,1005.1875142059325,[0.]
105,2023-12-01,2,1005.1875142059325,0,17.222257614135742,1005.1875142059325,[0.]
106,2023-12-04,2,1005.1875142059325,0,17.027984619140625,1005.1875142059325,[0.]
107,2023-12-05,2,1005.1875142059325,0,16.92113494873047,1005.1875142059325,[0.]
108,2023-12-06,2,1005.1875142059325,0,16.862855911254883,1005.1875142059325,[0.]
109,2023-12-07,2,1005.1875142059325,0,16.726863861083984,1005.1875142059325,[0.]
110,2023-12-08,2,1005.1875142059325,0,16.30917739868164,1005.1875142059325,[0.]
111,2023-12-11,2,1005.1875142059325,0,16.192615509033203,1005.1875142059325,[0.]
112,2023-12-12,2,1005.1875142059325,0,15.872063636779783,1005.1875142059325,[0.]
113,2023-12-13,2,1005.1875142059325,0,16.930850982666016,1005.1875142059325,[0.]
114,2023-12-14,2,1005.1875142059325,0,17.144546508789062,1005.1875142059325,[0.]
115,2023-12-15,2,1005.1875142059325,0,17.00855827331543,1005.1875142059325,[0.]
116,2023-12-18,0,1005.1875142059325,0,17.222257614135742,1005.1875142059325,[0.]
117,2023-12-19,2,1005.1875142059325,0,17.57194709777832,1005.1875142059325,[0.]
118,2023-12-20,2,1005.1875142059325,0,17.2611141204834,1005.1875142059325,[0.]
119,2023-12-21,2,1005.1875142059325,0,17.455385208129883,1005.1875142059325,[0.]
120,2023-12-22,2,1005.1875142059325,0,17.639944076538086,1005.1875142059325,[0.]
121,2023-12-26,2,1005.1875142059325,0,17.649656295776367,1005.1875142059325,[0.]
122,2023-12-27,2,1005.1875142059325,0,17.941064834594727,1005.1875142059325,[0.]
123,2023-12-28,2,1005.1875142059325,0,17.57194709777832,1005.1875142059325,[0.]
124,2023-12-29,2,1005.1875142059325,0,17.57194709777832,1005.1875142059325,[0.]
125,2024-01-02,2,1005.1875142059325,0,17.367961883544922,1005.1875142059325,[0.]
126,2024-01-03,2,1005.1875142059325,0,16.833711624145508,1005.1875142059325,[0.]
127,2024-01-04,2,1005.1875142059325,0,16.853139877319336,1005.1875142059325,[0.]
128,2024-01-05,2,1005.1875142059325,0,16.9891300201416,1005.1875142059325,[0.]
129,2024-01-08,2,1005.1875142059325,0,17.18340492248535,1005.1875142059325,[0.]
130,2024-01-09,2,1005.1875142059325,0,16.90170669555664,1005.1875142059325,[0.]
131,2024-01-10,2,1005.1875142059325,0,16.843425750732422,1005.1875142059325,[0.]
132,2024-01-11,2,1005.1875142059325,0,16.65886688232422,1005.1875142059325,[0.]
133,2024-01-12,2,1005.1875142059325,0,17.13483238220215,1005.1875142059325,[0.]
134,2024-01-16,2,1005.1875142059325,0,15.502946853637695,1005.1875142059325,[0.]
135,2024-01-17,2,1005.1875142059325,0,15.11440086364746,1005.1875142059325,[0.]
136,2024-01-18,2,1005.1875142059325,0,15.085259437561035,1005.1875142059325,[0.]
137,2024-01-19,2,1005.1875142059325,0,15.162969589233398,1005.1875142059325,[0.]
138,2024-01-22,2,1005.1875142059325,0,15.143542289733888,1005.1875142059325,[0.]
139,2024-01-23,2,1005.1875142059325,0,15.532086372375488,1005.1875142059325,[0.]
140,2024-01-24,2,1005.1875142059325,0,15.085259437561035,1005.1875142059325,[0.]
141,2024-01-25,2,1005.1875142059325,0,15.143542289733888,1005.1875142059325,[0.]
142,2024-01-26,2,1005.1875142059325,0,15.085259437561035,1005.1875142059325,[0.]
143,2024-01-29,2,1005.1875142059325,0,15.250391006469728,1005.1875142059325,[0.]
144,2024-01-30,2,1005.1875142059325,0,15.230965614318848,1005.1875142059325,[0.]
145,2024-01-31,2,1005.1875142059325,0,15.153255462646484,1005.1875142059325,[0.]
146,2024-02-01,2,1005.1875142059325,0,15.43494987487793,1005.1875142059325,[0.]
147,2024-02-02,2,1005.1875142059325,0,14.968695640563965,1005.1875142059325,[0.]
148,2024-02-05,2,1005.1875142059325,0,14.73556900024414,1005.1875142059325,[0.]
149,2024-02-06,2,1005.1875142059325,0,14.599578857421877,1005.1875142059325,[0.]
150,2024-02-07,2,1005.1875142059325,0,14.502443313598633,1005.1875142059325,[0.]
151,2024-02-08,2,1005.1875142059325,0,14.39559268951416,1005.1875142059325,[0.]
152,2024-02-09,2,1005.1875142059325,0,14.249887466430664,1005.1875142059325,[0.]
153,2024-02-12,2,1005.1875142059325,0,14.3081693649292,1005.1875142059325,[0.]
154,2024-02-13,2,1005.1875142059325,0,13.744779586791992,1005.1875142059325,[0.]
155,2024-02-14,2,1005.1875142059325,0,13.657358169555664,1005.1875142059325,[0.]
156,2024-02-15,2,1005.1875142059325,0,14.181893348693848,1005.1875142059325,[0.]
157,2024-02-16,2,1005.1875142059325,0,14.230460166931152,1005.1875142059325,[0.]
158,2024-02-20,2,1005.1875142059325,0,14.3081693649292,1005.1875142059325,[0.]
159,2024-02-21,2,1005.1875142059325,0,14.327596664428713,1005.1875142059325,[0.]
160,2024-02-22,2,1005.1875142059325,0,13.977907180786133,1005.1875142059325,[0.]
161,2024-02-23,0,1005.1875142059325,0,14.31788444519043,1005.1875142059325,[0.]
162,2024-02-26,2,1005.1875142059325,0,14.230460166931152,1005.1875142059325,[0.]
163,2024-02-27,1,963.8707067680358,3,14.094470024108888,1006.1541168403625,[-0.20420589]
164,2024-02-28,2,1004.7608371276855,0,14.016221046447754,1004.7608371276855,[-0.6544414]
165,2024-02-29,2,1004.7608371276855,0,14.338994979858398,1004.7608371276855,[0.]
166,2024-03-01,2,1004.7608371276855,0,14.61286449432373,1004.7608371276855,[0.]
167,2024-03-04,2,1004.7608371276855,0,15.121479988098145,1004.7608371276855,[0.]
168,2024-03-05,2,1004.7608371276855,0,15.189945220947266,1004.7608371276855,[0.]
169,2024-03-06,2,1004.7608371276855,0,15.36600399017334,1004.7608371276855,[0.]
170,2024-03-07,2,1004.7608371276855,0,15.551844596862791,1004.7608371276855,[0.]
171,2024-03-08,2,1004.7608371276855,0,15.414911270141602,1004.7608371276855,[0.]
172,2024-03-11,2,1004.7608371276855,0,15.522500991821287,1004.7608371276855,[0.]
173,2024-03-12,2,1004.7608371276855,0,15.29753875732422,1004.7608371276855,[0.]
174,2024-03-13,2,1004.7608371276855,0,15.63009262084961,1004.7608371276855,[0.]
175,2024-03-14,2,1004.7608371276855,0,15.414911270141602,1004.7608371276855,[0.]
176,2024-03-15,2,1004.7608371276855,0,15.414911270141602,1004.7608371276855,[0.]
177,2024-03-18,2,1004.7608371276855,0,15.28775691986084,1004.7608371276855,[0.]
178,2024-03-19,2,1004.7608371276855,0,14.916078567504885,1004.7608371276855,[0.]
179,2024-03-20,2,1004.7608371276855,0,15.336662292480469,1004.7608371276855,[0.]
180,2024-03-21,2,1004.7608371276855,0,15.463815689086914,1004.7608371276855,[0.]
181,2024-03-22,0,1004.7608371276855,0,15.18016529083252,1004.7608371276855,[0.]
182,2024-03-25,2,1004.7608371276855,0,15.229071617126465,1004.7608371276855,[0.]
183,2024-03-26,2,1004.7608371276855,0,15.18016529083252,1004.7608371276855,[0.]
184,2024-03-27,2,1004.7608371276855,0,15.855055809020996,1004.7608371276855,[0.]
185,2024-03-28,2,1004.7608371276855,0,16.2756404876709,1004.7608371276855,[0.]
186,2024-04-01,2,1004.7608371276855,0,16.490825653076172,1004.7608371276855,[0.]
187,2024-04-02,2,1004.7608371276855,0,16.803817749023438,1004.7608371276855,[0.]
188,2024-04-03,2,1004.7608371276855,0,17.03856086730957,1004.7608371276855,[0.]
189,2024-04-04,2,1004.7608371276855,0,17.009220123291016,1004.7608371276855,[0.]
190,2024-04-05,2,1004.7608371276855,0,17.468929290771484,1004.7608371276855,[0.]
191,2024-04-08,2,1004.7608371276855,0,17.312429428100586,1004.7608371276855,[0.]
192,2024-04-09,2,1004.7608371276855,0,17.615644454956055,1004.7608371276855,[0.]
193,2024-04-10,0,1004.7608371276855,0,17.5080509185791,1004.7608371276855,[0.]
194,2024-04-11,2,1004.7608371276855,0,17.64498519897461,1004.7608371276855,[0.]
195,2024-04-12,2,1004.7608371276855,0,17.468929290771484,1004.7608371276855,[0.]
196,2024-04-15,2,1004.7608371276855,0,16.98965835571289,1004.7608371276855,[0.]
197,2024-04-16,2,1004.7608371276855,0,16.119144439697266,1004.7608371276855,[0.]
198,2024-04-17,2,1004.7608371276855,0,16.334327697753906,1004.7608371276855,[0.]
199,2024-04-18,2,1004.7608371276855,0,16.60819435119629,1004.7608371276855,[0.]
200,2024-04-19,2,1004.7608371276855,0,16.725568771362305,1004.7608371276855,[0.]
201,2024-04-22,2,1004.7608371276855,0,16.06045913696289,1004.7608371276855,[0.]
202,2024-04-23,2,1004.7608371276855,0,16.324546813964844,1004.7608371276855,[0.]
203,2024-04-24,2,1004.7608371276855,0,16.15826988220215,1004.7608371276855,[0.]
204,2024-04-25,2,1004.7608371276855,0,16.70600700378418,1004.7608371276855,[0.]
205,2024-04-26,2,1004.7608371276855,0,16.71578598022461,1004.7608371276855,[0.]
206,2024-04-29,2,1004.7608371276855,0,16.940750122070312,1004.7608371276855,[0.]
207,2024-04-30,2,1004.7608371276855,0,16.2756404876709,1004.7608371276855,[0.]
208,2024-05-01,2,1004.7608371276855,0,16.001773834228516,1004.7608371276855,[0.]
209,2024-05-02,1,954.4837774009704,3,16.187610626220703,1003.0466092796325,[-0.20511799]
210,2024-05-03,2,1002.5687920570373,0,16.099580764770508,1002.5687920570373,[-0.65690976]
211,2024-05-06,2,1002.5687920570373,0,16.30498504638672,1002.5687920570373,[0.]
212,2024-05-07,2,1002.5687920570373,0,16.373451232910156,1002.5687920570373,[0.]
213,2024-05-08,2,1002.5687920570373,0,16.35388946533203,1002.5687920570373,[0.]
214,2024-05-09,2,1002.5687920570373,0,16.657102584838867,1002.5687920570373,[0.]
215,2024-05-10,2,1002.5687920570373,0,16.559289932250977,1002.5687920570373,[0.]
216,2024-05-13,2,1002.5687920570373,0,16.569072723388672,1002.5687920570373,[0.]
217,2024-05-14,2,1002.5687920570373,0,16.774471282958984,1002.5687920570373,[0.]
218,2024-05-15,2,1002.5687920570373,0,17.03856086730957,1002.5687920570373,[0.]
219,2024-05-16,2,1002.5687920570373,0,17.13637351989746,1002.5687920570373,[0.]
220,2024-05-17,2,1002.5687920570373,0,17.498268127441406,1002.5687920570373,[0.]
221,2024-05-20,2,1002.5687920570373,0,17.527612686157227,1002.5687920570373,[0.]
222,2024-05-21,2,1002.5687920570373,0,17.410242080688477,1002.5687920570373,[0.]
223,2024-05-22,2,1002.5687920570373,0,16.911407470703125,1002.5687920570373,[0.]
224,2024-05-23,2,1002.5687920570373,0,16.569072723388672,1002.5687920570373,[0.]
225,2024-05-24,2,1002.5687920570373,0,16.647319793701172,1002.5687920570373,[0.]
226,2024-05-28,2,1002.5687920570373,0,17.058124542236328,1002.5687920570373,[0.]
227,2024-05-29,1,951.3508780899048,3,16.549509048461914,1000.9994052352905,[-0.20521376]
228,2024-05-30,1,899.838939289093,6,16.735349655151367,1000.2510372200012,[-0.05514087]
229,2024-05-31,2,1004.6185688362121,0,16.814058303833008,1004.6185688362121,[0.9895014]
230,2024-06-03,2,1004.6185688362121,0,17.138731002807617,1004.6185688362121,[0.]
231,2024-06-04,2,1004.6185688362121,0,16.223743438720703,1004.6185688362121,[0.]
232,2024-06-05,2,1004.6185688362121,0,16.430355072021484,1004.6185688362121,[0.]
233,2024-06-06,0,1004.6185688362121,0,17.04034423828125,1004.6185688362121,[0.]
234,2024-06-07,2,1004.6185688362121,0,15.88923454284668,1004.6185688362121,[0.]
235,2024-06-10,2,1004.6185688362121,0,16.184391021728516,1004.6185688362121,[0.]
236,2024-06-11,2,1004.6185688362121,0,15.91875171661377,1004.6185688362121,[0.]
237,2024-06-12,2,1004.6185688362121,0,16.13519859313965,1004.6185688362121,[0.]
238,2024-06-13,2,1004.6185688362121,0,15.81052589416504,1004.6185688362121,[0.]
239,2024-06-14,2,1004.6185688362121,0,15.771173477172852,1004.6185688362121,[0.]
240,2024-06-17,2,1004.6185688362121,0,15.879396438598633,1004.6185688362121,[0.]
241,2024-06-18,2,1004.6185688362121,0,16.145036697387695,1004.6185688362121,[0.]
242,2024-06-20,2,1004.6185688362121,0,16.686155319213867,1004.6185688362121,[0.]
243,2024-06-21,2,1004.6185688362121,0,16.29261589050293,1004.6185688362121,[0.]
244,2024-06-24,2,1004.6185688362121,0,16.450031280517578,1004.6185688362121,[0.]
245,2024-06-25,2,1004.6185688362121,0,16.322132110595703,1004.6185688362121,[0.]
246,2024-06-26,2,1004.6185688362121,0,16.52873992919922,1004.6185688362121,[0.]
247,2024-06-27,2,1004.6185688362121,0,16.56809425354004,1004.6185688362121,[0.]
248,2024-06-28,2,1004.6185688362121,0,16.410676956176758,1004.6185688362121,[0.]
249,2024-07-01,2,1004.6185688362121,0,16.29261589050293,1004.6185688362121,[0.]
250,2024-07-02,2,1004.6185688362121,0,16.351648330688477,1004.6185688362121,[0.]
251,2024-07-03,2,1004.6185688362121,0,17.020666122436523,1004.6185688362121,[0.]
252,2024-07-05,2,1004.6185688362121,0,17.158409118652344,1004.6185688362121,[0.]
253,2024-07-08,2,1004.6185688362121,0,17.099376678466797,1004.6185688362121,[0.]
254,2024-07-09,2,1004.6185688362121,0,17.158409118652344,1004.6185688362121,[0.]
255,2024-07-10,2,1004.6185688362121,0,17.492918014526367,1004.6185688362121,[0.]
256,2024-07-11,2,1004.6185688362121,0,17.837263107299805,1004.6185688362121,[0.]
257,2024-07-12,2,1004.6185688362121,0,18.2209701538086,1004.6185688362121,[0.]
258,2024-07-15,2,1004.6185688362121,0,18.063552856445312,1004.6185688362121,[0.]
259,2024-07-16,2,1004.6185688362121,0,18.939180374145508,1004.6185688362121,[0.]
260,2024-07-17,2,1004.6185688362121,0,18.57515525817871,1004.6185688362121,[0.]
261,2024-07-18,2,1004.6185688362121,0,18.24064826965332,1004.6185688362121,[0.]
262,2024-07-19,2,1004.6185688362121,0,18.093067169189453,1004.6185688362121,[0.]
263,2024-07-22,2,1004.6185688362121,0,18.063552856445312,1004.6185688362121,[0.]
264,2024-07-23,2,1004.6185688362121,0,18.270160675048828,1004.6185688362121,[0.]
265,2024-07-24,2,1004.6185688362121,0,18.161937713623047,1004.6185688362121,[0.]
266,2024-07-25,2,1004.6185688362121,0,17.43388557434082,1004.6185688362121,[0.]
267,2024-07-26,2,1004.6185688362121,0,17.502756118774414,1004.6185688362121,[0.]
268,2024-07-29,2,1004.6185688362121,0,17.67984962463379,1004.6185688362121,[0.]
269,2024-07-30,2,1004.6185688362121,0,17.847105026245117,1004.6185688362121,[0.]
270,2024-07-31,2,1004.6185688362121,0,18.21113014221192,1004.6185688362121,[0.]
271,2024-08-01,2,1004.6185688362121,0,17.94548988342285,1004.6185688362121,[0.]
272,2024-08-02,2,1004.6185688362121,0,17.620819091796875,1004.6185688362121,[0.]
273,2024-08-05,2,1004.6185688362121,0,16.902605056762695,1004.6185688362121,[0.]
274,2024-08-06,2,1004.6185688362121,0,17.10921287536621,1004.6185688362121,[0.]
275,2024-08-07,2,1004.6185688362121,0,16.538578033447266,1004.6185688362121,[0.]
276,2024-08-08,2,1004.6185688362121,0,17.060020446777344,1004.6185688362121,[0.]
277,2024-08-09,2,1004.6185688362121,0,17.128890991210938,1004.6185688362121,[0.]
278,2024-08-12,2,1004.6185688362121,0,18.683380126953125,1004.6185688362121,[0.]
279,2024-08-13,2,1004.6185688362121,0,18.821117401123047,1004.6185688362121,[0.]
280,2024-08-14,2,1004.6185688362121,0,18.850635528564453,1004.6185688362121,[0.]
281,2024-08-15,2,1004.6185688362121,0,18.742408752441406,1004.6185688362121,[0.]
282,2024-08-16,2,1004.6185688362121,0,19.391754150390625,1004.6185688362121,[0.]
283,2024-08-19,2,1004.6185688362121,0,19.883678436279297,1004.6185688362121,[0.]
284,2024-08-20,2,1004.6185688362121,0,20.08045196533203,1004.6185688362121,[0.]
285,2024-08-21,2,1004.6185688362121,0,20.28706169128418,1004.6185688362121,[0.]
286,2024-08-22,2,1004.6185688362121,0,19.913196563720703,1004.6185688362121,[0.]
287,2024-08-23,2,1004.6185688362121,0,20.16899871826172,1004.6185688362121,[0.]
288,2024-08-26,2,1004.6185688362121,0,20.139482498168945,1004.6185688362121,[0.]
289,2024-08-27,2,1004.6185688362121,0,20.11980628967285,1004.6185688362121,[0.]
290,2024-08-28,2,1004.6185688362121,0,19.627880096435547,1004.6185688362121,[0.]
291,2024-08-29,2,1004.6185688362121,0,19.991905212402344,1004.6185688362121,[0.]
292,2024-08-30,2,1004.6185688362121,0,19.96224403381348,1004.6185688362121,[0.]
293,2024-09-03,2,1004.6185688362121,0,19.37889862060547,1004.6185688362121,[0.]
294,2024-09-04,2,1004.6185688362121,0,19.1020565032959,1004.6185688362121,[0.]
295,2024-09-05,2,1004.6185688362121,0,19.240478515625,1004.6185688362121,[0.]
296,2024-09-06,2,1004.6185688362121,0,18.7856674194336,1004.6185688362121,[0.]
297,2024-09-09,2,1004.6185688362121,0,19.062509536743164,1004.6185688362121,[0.]
298,2024-09-10,2,1004.6185688362121,0,19.37889862060547,1004.6185688362121,[0.]
299,2024-09-11,2,1004.6185688362121,0,19.537094116210938,1004.6185688362121,[0.]
300,2024-09-12,2,1004.6185688362121,0,20.347843170166016,1004.6185688362121,[0.]
301,2024-09-13,2,1004.6185688362121,0,20.60491180419922,1004.6185688362121,[0.]
302,2024-09-16,2,1004.6185688362121,0,20.28852272033692,1004.6185688362121,[0.]
303,2024-09-17,2,1004.6185688362121,0,20.24897193908692,1004.6185688362121,[0.]
304,2024-09-18,2,1004.6185688362121,0,19.83370780944824,1004.6185688362121,[0.]
305,2024-09-19,2,1004.6185688362121,0,20.00179100036621,1004.6185688362121,[0.]
306,2024-09-20,2,1004.6185688362121,0,20.15009880065918,1004.6185688362121,[0.]
307,2024-09-23,2,1004.6185688362121,0,19.98201560974121,1004.6185688362121,[0.]
308,2024-09-24,2,1004.6185688362121,0,20.19953727722168,1004.6185688362121,[0.]
309,2024-09-25,0,1004.6185688362121,0,20.46648979187012,1004.6185688362121,[0.]
310,2024-09-26,2,1004.6185688362121,0,20.772994995117188,1004.6185688362121,[0.]
311,2024-09-27,0,1004.6185688362121,0,20.00179100036621,1004.6185688362121,[0.]
312,2024-09-30,2,1004.6185688362121,0,19.665626525878903,1004.6185688362121,[0.]
313,2024-10-01,2,1004.6185688362121,0,20.071001052856445,1004.6185688362121,[0.]
314,2024-10-02,2,1004.6185688362121,0,19.952356338500977,1004.6185688362121,[0.]
315,2024-10-03,2,1004.6185688362121,0,19.62607955932617,1004.6185688362121,[0.]
316,2024-10-04,2,1004.6185688362121,0,19.883146286010746,1004.6185688362121,[0.]
317,2024-10-07,2,1004.6185688362121,0,19.65574073791504,1004.6185688362121,[0.]
318,2024-10-08,2,1004.6185688362121,0,19.438220977783203,1004.6185688362121,[0.]
319,2024-10-09,2,1004.6185688362121,0,19.438220977783203,1004.6185688362121,[0.]
320,2024-10-10,2,1004.6185688362121,0,19.84359741210937,1004.6185688362121,[0.]
321,2024-10-11,2,1004.6185688362121,0,19.76449966430664,1004.6185688362121,[0.]
322,2024-10-14,2,1004.6185688362121,0,19.75461196899414,1004.6185688362121,[0.]
323,2024-10-15,2,1004.6185688362121,0,19.98201560974121,1004.6185688362121,[0.]
324,2024-10-16,2,1004.6185688362121,0,19.715065002441406,1004.6185688362121,[0.]
325,2024-10-17,2,1004.6185688362121,0,20.110551834106445,1004.6185688362121,[0.]
326,2024-10-18,2,1004.6185688362121,0,20.68400955200196,1004.6185688362121,[0.]
327,2024-10-21,2,1004.6185688362121,0,20.62468719482422,1004.6185688362121,[0.]
328,2024-10-22,2,1004.6185688362121,0,20.95096206665039,1004.6185688362121,[0.]
329,2024-10-23,2,1004.6185688362121,0,20.56536102294922,1004.6185688362121,[0.]
330,2024-10-24,2,1004.6185688362121,0,20.090776443481445,1004.6185688362121,[0.]
331,2024-10-25,2,1004.6185688362121,0,19.38878631591797,1004.6185688362121,[0.]
332,2024-10-28,2,1004.6185688362121,0,19.75461196899414,1004.6185688362121,[0.]
333,2024-10-29,2,1004.6185688362121,0,20.05122947692871,1004.6185688362121,[0.]
334,2024-10-30,2,1004.6185688362121,0,19.82382202148437,1004.6185688362121,[0.]
335,2024-10-31,2,1004.6185688362121,0,19.1020565032959,1004.6185688362121,[0.]
336,2024-11-01,2,1004.6185688362121,0,18.835102081298828,1004.6185688362121,[0.]
337,2024-11-04,2,1004.6185688362121,0,18.68679428100586,1004.6185688362121,[0.]
338,2024-11-05,2,1004.6185688362121,0,18.66702079772949,1004.6185688362121,[0.]
339,2024-11-06,2,1004.6185688362121,0,18.222097396850582,1004.6185688362121,[0.]
340,2024-11-07,2,1004.6185688362121,0,18.271533966064453,1004.6185688362121,[0.]
341,2024-11-08,2,1004.6185688362121,0,18.19243431091309,1004.6185688362121,[0.]
342,2024-11-11,2,1004.6185688362121,0,17.203716278076172,1004.6185688362121,[0.]
343,2024-11-12,2,1004.6185688362121,0,16.8280029296875,1004.6185688362121,[0.]
344,2024-11-13,2,1004.6185688362121,0,16.600597381591797,1004.6185688362121,[0.]
345,2024-11-14,2,1004.6185688362121,0,16.65991973876953,1004.6185688362121,[0.]
346,2024-11-15,0,1004.6185688362121,0,16.462177276611328,1004.6185688362121,[0.]
347,2024-11-18,2,1004.6185688362121,0,17.00597381591797,1004.6185688362121,[0.]
348,2024-11-19,2,1004.6185688362121,0,17.52010726928711,1004.6185688362121,[0.]
349,2024-11-20,2,1004.6185688362121,0,17.688186645507812,1004.6185688362121,[0.]
350,2024-11-21,1,949.9321112976074,3,17.91559600830078,1003.6788993225098,[-0.20556682]
351,2024-11-22,2,1001.4400378341675,0,18.01446533203125,1001.4400378341675,[-0.6582304]
352,2024-11-25,2,1001.4400378341675,0,17.48055648803711,1001.4400378341675,[0.]
353,2024-11-26,2,1001.4400378341675,0,17.36191177368164,1001.4400378341675,[0.]
354,2024-11-27,2,1001.4400378341675,0,17.37179946899414,1001.4400378341675,[0.]
355,2024-11-29,2,1001.4400378341675,0,17.391685485839844,1001.4400378341675,[0.]
356,2024-12-02,2,1001.4400378341675,0,17.11326026916504,1001.4400378341675,[0.]
357,2024-12-03,2,1001.4400378341675,0,17.51101303100586,1001.4400378341675,[0.]
358,2024-12-04,2,1001.4400378341675,0,17.272361755371094,1001.4400378341675,[0.]
359,2024-12-05,2,1001.4400378341675,0,16.85472297668457,1001.4400378341675,[0.]
360,2024-12-06,2,1001.4400378341675,0,16.67573356628418,1001.4400378341675,[0.]
361,2024-12-09,2,1001.4400378341675,0,16.983991622924805,1001.4400378341675,[0.]
362,2024-12-10,2,1001.4400378341675,0,17.04365348815918,1001.4400378341675,[0.]
363,2024-12-11,2,1001.4400378341675,0,17.530899047851562,1001.4400378341675,[0.]
364,2024-12-12,2,1001.4400378341675,0,17.073484420776367,1001.4400378341675,[0.]
365,2024-12-13,2,1001.4400378341675,0,16.685678482055664,1001.4400378341675,[0.]
366,2024-12-16,2,1001.4400378341675,0,16.258094787597656,1001.4400378341675,[0.]
367,2024-12-17,2,1001.4400378341675,0,16.148712158203125,1001.4400378341675,[0.]
368,2024-12-18,2,1001.4400378341675,0,15.422816276550291,1001.4400378341675,[0.]
369,2024-12-19,0,1001.4400378341675,0,15.144390106201172,1001.4400378341675,[0.]
370,2024-12-20,2,1001.4400378341675,0,15.37309741973877,1001.4400378341675,[0.]
371,2024-12-23,1,950.206815448761,3,15.50236701965332,996.7139165077209,[-0.20521532]
372,2024-12-24,2,1002.6943271980285,0,15.621691703796388,1002.6943271980285,[0.9947408]
373,2024-12-26,2,1002.6943271980285,0,15.651522636413574,1002.6943271980285,[0.]
374,2024-12-27,2,1002.6943271980285,0,15.5918607711792,1002.6943271980285,[0.]
375,2024-12-30,2,1002.6943271980285,0,15.37309741973877,1002.6943271980285,[0.]
376,2024-12-31,2,1002.6943271980285,0,15.412872314453123,1002.6943271980285,[0.]
377,2025-01-02,2,1002.6943271980285,0,15.880230903625488,1002.6943271980285,[0.]
378,2025-01-03,2,1002.6943271980285,0,15.750961303710938,1002.6943271980285,[0.]
379,2025-01-06,2,1002.6943271980285,0,15.412872314453123,1002.6943271980285,[0.]
380,2025-01-07,2,1002.6943271980285,0,15.482479095458984,1002.6943271980285,[0.]
381,2025-01-08,0,1002.6943271980285,0,15.750961303710938,1002.6943271980285,[0.]
382,2025-01-10,2,1002.6943271980285,0,15.631635665893556,1002.6943271980285,[0.]
383,2025-01-13,2,1002.6943271980285,0,15.363153457641602,1002.6943271980285,[0.]
384,2025-01-14,2,1002.6943271980285,0,15.492423057556152,1002.6943271980285,[0.]
385,2025-01-15,2,1002.6943271980285,0,15.750961303710938,1002.6943271980285,[0.]
386,2025-01-16,2,1002.6943271980285,0,15.66146755218506,1002.6943271980285,[0.]
387,2025-01-17,2,1002.6943271980285,0,15.910061836242676,1002.6943271980285,[0.]
388,2025-01-21,2,1002.6943271980285,0,15.89017391204834,1002.6943271980285,[0.]
389,2025-01-22,2,1002.6943271980285,0,15.681355476379396,1002.6943271980285,[0.]
390,2025-01-23,2,1002.6943271980285,0,15.731073379516602,1002.6943271980285,[0.]
391,2025-01-24,2,1002.6943271980285,0,16.039329528808594,1002.6943271980285,[0.]
392,2025-01-27,2,1002.6943271980285,0,15.96972370147705,1002.6943271980285,[0.]
393,2025-01-28,1,956.1241034870147,3,15.87028694152832,1003.7349643115997,[-0.20474064]
394,2025-01-29,2,1003.2824816303253,0,15.87028694152832,1003.2824816303253,[0.9952747]
395,2025-01-30,2,1003.2824816303253,0,16.476858139038086,1003.2824816303253,[0.]
396,2025-01-31,2,1003.2824816303253,0,16.277982711791992,1003.2824816303253,[0.]
397,2025-02-03,2,1003.2824816303253,0,16.4669132232666,1003.2824816303253,[0.]
398,2025-02-04,2,1003.2824816303253,0,16.586238861083984,1003.2824816303253,[0.]
399,2025-02-05,2,1003.2824816303253,0,17.05359649658203,1003.2824816303253,[0.]
400,2025-02-06,2,1003.2824816303253,0,17.08342933654785,1003.2824816303253,[0.]
401,2025-02-07,2,1003.2824816303253,0,16.944217681884766,1003.2824816303253,[0.]
402,2025-02-10,2,1003.2824816303253,0,17.341968536376953,1003.2824816303253,[0.]
403,2025-02-11,2,1003.2824816303253,0,16.97404670715332,1003.2824816303253,[0.]
404,2025-02-12,2,1003.2824816303253,0,18.06786346435547,1003.2824816303253,[0.]
405,2025-02-13,2,1003.2824816303253,0,18.33634757995605,1003.2824816303253,[0.]
406,2025-02-14,2,1003.2824816303253,0,17.839157104492188,1003.2824816303253,[0.]
407,2025-02-18,2,1003.2824816303253,0,18.25679588317871,1003.2824816303253,[0.]
408,2025-02-19,2,1003.2824816303253,0,18.674436569213867,1003.2824816303253,[0.]
409,2025-02-20,2,1003.2824816303253,0,18.714210510253903,1003.2824816303253,[0.]
410,2025-02-21,2,1003.2824816303253,0,18.197132110595703,1003.2824816303253,[0.]
411,2025-02-24,2,1003.2824816303253,0,18.16730308532715,1003.2824816303253,[0.]
412,2025-02-25,2,1003.2824816303253,0,17.968425750732422,1003.2824816303253,[0.]
413,2025-02-26,2,1003.2824816303253,0,18.346290588378903,1003.2824816303253,[0.]
414,2025-02-27,2,1003.2824816303253,0,17.690000534057617,1003.2824816303253,[0.]
415,2025-02-28,2,1003.2824816303253,0,17.75,1003.2824816303253,[0.]
416,2025-03-03,2,1003.2824816303253,0,17.690000534057617,1003.2824816303253,[0.]
417,2025-03-04,2,1003.2824816303253,0,17.729999542236328,1003.2824816303253,[0.]
418,2025-03-05,2,1003.2824816303253,0,18.459999084472656,1003.2824816303253,[0.]
419,2025-03-06,2,1003.2824816303253,0,18.459999084472656,1003.2824816303253,[0.]
420,2025-03-07,2,1003.2824816303253,0,18.600000381469727,1003.2824816303253,[0.]
421,2025-03-10,2,1003.2824816303253,0,18.200000762939453,1003.2824816303253,[0.]
422,2025-03-11,2,1003.2824816303253,0,18.450000762939453,1003.2824816303253,[0.]
423,2025-03-12,2,1003.2824816303253,0,18.34000015258789,1003.2824816303253,[0.]
424,2025-03-13,2,1003.2824816303253,0,18.729999542236328,1003.2824816303253,[0.]
425,2025-03-14,2,1003.2824816303253,0,18.780000686645508,1003.2824816303253,[0.]
426,2025-03-17,2,1003.2824816303253,0,19.18000030517578,1003.2824816303253,[0.]
427,2025-03-18,2,1003.2824816303253,0,19.32999992370605,1003.2824816303253,[0.]
428,2025-03-19,2,1003.2824816303253,0,19.38999938964844,1003.2824816303253,[0.]
429,2025-03-20,2,1003.2824816303253,0,19.280000686645508,1003.2824816303253,[0.]
430,2025-03-21,2,1003.2824816303253,0,18.8700008392334,1003.2824816303253,[0.]
431,2025-03-24,2,1003.2824816303253,0,18.88999938964844,1003.2824816303253,[0.]
432,2025-03-25,2,1003.2824816303253,0,19.350000381469727,1003.2824816303253,[0.]
433,2025-03-26,2,1003.2824816303253,0,19.309999465942383,1003.2824816303253,[0.]
434,2025-03-27,2,1003.2824816303253,0,19.559999465942383,1003.2824816303253,[0.]
435,2025-03-28,2,1003.2824816303253,0,19.13999938964844,1003.2824816303253,[0.]
436,2025-03-31,2,1003.2824816303253,0,19.440000534057617,1003.2824816303253,[0.]
437,2025-04-01,2,1003.2824816303253,0,19.65999984741211,1003.2824816303253,[0.]
438,2025-04-02,0,1003.2824816303253,0,19.40999984741211,1003.2824816303253,[0.]
439,2025-04-03,2,1003.2824816303253,0,19.3799991607666,1003.2824816303253,[0.]
440,2025-04-04,2,1003.2824816303253,0,17.670000076293945,1003.2824816303253,[0.]
441,2025-04-07,2,1003.2824816303253,0,17.639999389648438,1003.2824816303253,[0.]
442,2025-04-08,2,1003.2824816303253,0,17.520000457763672,1003.2824816303253,[0.]
443,2025-04-09,2,1003.2824816303253,0,18.799999237060547,1003.2824816303253,[0.]
444,2025-04-10,2,1003.2824816303253,0,19.239999771118164,1003.2824816303253,[0.]
445,2025-04-11,1,944.8458400249481,3,20.59000015258789,1006.6158404827117,[-0.20594858]
446,2025-04-14,2,1003.7078795680999,0,20.40999984741211,1003.7078795680999,[0.99410206]
447,2025-04-15,2,1003.7078795680999,0,20.31999969482422,1003.7078795680999,[0.]
448,2025-04-16,2,1003.7078795680999,0,20.64999961853028,1003.7078795680999,[0.]
449,2025-04-17,2,1003.7078795680999,0,20.170000076293945,1003.7078795680999,[0.]
450,2025-04-21,2,1003.7078795680999,0,20.450000762939453,1003.7078795680999,[0.]
451,2025-04-22,2,1003.7078795680999,0,19.96999931335449,1003.7078795680999,[0.]
452,2025-04-23,2,1003.7078795680999,0,19.059999465942383,1003.7078795680999,[0.]
453,2025-04-24,2,1003.7078795680999,0,19.40999984741211,1003.7078795680999,[0.]
454,2025-04-25,2,1003.7078795680999,0,19.049999237060547,1003.7078795680999,[0.]
455,2025-04-28,2,1003.7078795680999,0,19.299999237060547,1003.7078795680999,[0.]
456,2025-04-29,2,1003.7078795680999,0,18.89999961853028,1003.7078795680999,[0.]
457,2025-04-30,2,1003.7078795680999,0,19.040000915527344,1003.7078795680999,[0.]
458,2025-05-01,2,1003.7078795680999,0,18.3700008392334,1003.7078795680999,[0.]
459,2025-05-02,2,1003.7078795680999,0,18.40999984741211,1003.7078795680999,[0.]
460,2025-05-05,2,1003.7078795680999,0,18.63999938964844,1003.7078795680999,[0.]
461,2025-05-06,2,1003.7078795680999,0,19.229999542236328,1003.7078795680999,[0.]
462,2025-05-07,2,1003.7078795680999,0,19.39999961853028,1003.7078795680999,[0.]
